Workbook

Sheet Estoque
A1: Código | B1: Nome do item | C1: Unidade | D1: Estoque inicial | E1: Quantidade atual | F1: Estoque mínimo | G1: Status
A2: 01-001 | B2: Microbrush | C2: Tubos | D2: 20 | E2: =IF(A2="","",D2+SUMIFS('Movimentações'!$E$2:$E1000,'Movimentações'!$C$2:$C1000,A2,'Movimentações'!$B$2:$B1000,"Entrada")-SUMIFS('Movimentações'!$E$2:$E1000,'Movimentações'!$C$2:$C1000,A2,'Movimentações'!$B$2:$B1000,"Saída")) -> 20 | F2: 5 | G2: =IF(A2="","",IF(E2<F2,"🔴 REPOR",IF(E2=F2,"🟡 ATENÇÃO","🟢 NORMAL"))) -> 🟢 NORMAL
A3: 01-002 | B3: Adesivo Universal | C3: Tubos | D3: 3 | E3: =IF(A3="","",D3+SUMIFS('Movimentações'!$E$2:$E1000,'Movimentações'!$C$2:$C1000,A3,'Movimentações'!$B$2:$B1000,"Entrada")-SUMIFS('Movimentações'!$E$2:$E1000,'Movimentações'!$C$2:$C1000,A3,'Movimentações'!$B$2:$B1000,"Saída")) -> 3 | F3: 2 | G3: =IF(A3="","",IF(E3<F3,"🔴 REPOR",IF(E3=F3,"🟡 ATENÇÃO","🟢 NORMAL"))) -> 🟢 NORMAL
A4: 01-003 | B4: Ácido Fosfórico 37% | C4: Tubos | D4: 1 | E4: =IF(A4="","",D4+SUMIFS('Movimentações'!$E$2:$E1000,'Movimentações'!$C$2:$C1000,A4,'Movimentações'!$B$2:$B1000,"Entrada")-SUMIFS('Movimentações'!$E$2:$E1000,'Movimentações'!$C$2:$C1000,A4,'Movimentações'!$B$2:$B1000,"Saída")) -> 0 | F4: 8 | G4: =IF(A4="","",IF(E4<F4,"🔴 REPOR",IF(E4=F4,"🟡 ATENÇÃO","🟢 NORMAL"))) -> 🔴 REPOR
A5: 01-004 | B5: Ionômero de Vidro | C5: Frasco | D5: 3 | E5: =IF(A5="","",D5+SUMIFS('Movimentações'!$E$2:$E1000,'Movimentações'!$C$2:$C1000,A5,'Movimentações'!$B$2:$B1000,"Entrada")-SUMIFS('Movimentações'!$E$2:$E1000,'Movimentações'!$C$2:$C1000,A5,'Movimentações'!$B$2:$B1000,"Saída")) -> 3 | F5: 4 | G5: =IF(A5="","",IF(E5<F5,"🔴 REPOR",IF(E5=F5,"🟡 ATENÇÃO","🟢 NORMAL"))) -> 🔴 REPOR
A6: 01-005 | B6: Benzotop | C6: Frasco | D6: 4 | E6: =IF(A6="","",D6+SUMIFS('Movimentações'!$E$2:$E1000,'Movimentações'!$C$2:$C1000,A6,'Movimentações'!$B$2:$B1000,"Entrada")-SUMIFS('Movimentações'!$E$2:$E1000,'Movimentações'!$C$2:$C1000,A6,'Movimentações'!$B$2:$B1000,"Saída")) -> 4 | F6: 2 | G6: =IF(A6="","",IF(E6<F6,"🔴 REPOR",IF(E6=F6,"🟡 ATENÇÃO","🟢 NORMAL"))) -> 🟢 NORMAL
A7: 01-006 | B7: Cimento reparador MTA (2 aplicações) | C7: Frasco | D7: 2 | E7: =IF(A7="","",D7+SUMIFS('Movimentações'!$E$2:$E1000,'Movimentações'!$C$2:$C1000,A7,'Movimentações'!$B$2:$B1000,"Entrada")-SUMIFS('Movimentações'!$E$2:$E1000,'Movimentações'!$C$2:$C1000,A7,'Movimentações'!$B$2:$B1000,"Saída")) -> 2 | F7: 2 | G7: =IF(A7="","",IF(E7<F7,"🔴 REPOR",IF(E7=F7,"🟡 ATENÇÃO","🟢 NORMAL"))) -> 🟡 ATENÇÃO
A8: 01-007 | B8: Cimento de hidróxido de cálcio (Dentística) | C8: Frasco | D8: 3 | E8: =IF(A8="","",D8+SUMIFS('Movimentações'!$E$2:$E1000,'Movimentações'!$C$2:$C1000,A8,'Movimentações'!$B$2:$B1000,"Entrada")-SUMIFS('Movimentações'!$E$2:$E1000,'Movimentações'!$C$2:$C1000,A8,'Movimentações'!$B$2:$B1000,"Saída")) -> 3 | F8: 2 | G8: =IF(A8="","",IF(E8<F8,"🔴 REPOR",IF(E8=F8,"🟡 ATENÇÃO","🟢 NORMAL"))) -> 🟢 NORMAL
A9: 01-008 | B9: Banda matriz aço 7 mm | C9: Unidade | D9: 13 | E9: =IF(A9="","",D9+SUMIFS('Movimentações'!$E$2:$E1000,'Movimentações'!$C$2:$C1000,A9,'Movimentações'!$B$2:$B1000,"Entrada")-SUMIFS('Movimentações'!$E$2:$E1000,'Movimentações'!$C$2:$C1000,A9,'Movimentações'!$B$2:$B1000,"Saída")) -> 13 | F9: 6 | G9: =IF(A9="","",IF(E9<F9,"🔴 REPOR",IF(E9=F9,"🟡 ATENÇÃO","🟢 NORMAL"))) -> 🟢 NORMAL
A10: 01-009 | B10: Banda matriz aço 5 mm | C10: Unidade | D10: 26 | E10: =IF(A10="","",D10+SUMIFS('Movimentações'!$E$2:$E1000,'Movimentações'!$C$2:$C1000,A10,'Movimentações'!$B$2:$B1000,"Entrada")-SUMIFS('Movimentações'!$E$2:$E1000,'Movimentações'!$C$2:$C1000,A10,'Movimentações'!$B$2:$B1000,"Saída")) -> 26 | F10: 6 | G10: =IF(A10="","",IF(E10<F10,"🔴 REPOR",IF(E10=F10,"🟡 ATENÇÃO","🟢 NORMAL"))) -> 🟢 NORMAL
A11: 01-010 | B11: Inter-A (material restaurador intermediário) | C11: Frasco | D11: 1 | E11: =IF(A11="","",D11+SUMIFS('Movimentações'!$E$2:$E1000,'Movimentações'!$C$2:$C1000,A11,'Movimentações'!$B$2:$B1000,"Entrada")-SUMIFS('Movimentações'!$E$2:$E1000,'Movimentações'!$C$2:$C1000,A11,'Movimentações'!$B$2:$B1000,"Saída")) -> 1 | F11: 2 | G11: =IF(A11="","",IF(E11<F11,"🔴 REPOR",IF(E11=F11,"🟡 ATENÇÃO","🟢 NORMAL"))) -> 🔴 REPOR
A12: 01-011 | B12: Coroa Hable adulto | C12: Pacote | D12: 1 | E12: =IF(A12="","",D12+SUMIFS('Movimentações'!$E$2:$E1000,'Movimentações'!$C$2:$C1000,A12,'Movimentações'!$B$2:$B1000,"Entrada")-SUMIFS('Movimentações'!$E$2:$E1000,'Movimentações'!$C$2:$C1000,A12,'Movimentações'!$B$2:$B1000,"Saída")) -> 1 | F12: 1 | G12: =IF(A12="","",IF(E12<F12,"🔴 REPOR",IF(E12=F12,"🟡 ATENÇÃO","🟢 NORMAL"))) -> 🟡 ATENÇÃO
A13: 01-012 | B13: Coroa Hable pediátrica | C13: Pacote | D13: 1 | E13: =IF(A13="","",D13+SUMIFS('Movimentações'!$E$2:$E1000,'Movimentações'!$C$2:$C1000,A13,'Movimentações'!$B$2:$B1000,"Entrada")-SUMIFS('Movimentações'!$E$2:$E1000,'Movimentações'!$C$2:$C1000,A13,'Movimentações'!$B$2:$B1000,"Saída")) -> 1 | F13: 1 | G13: =IF(A13="","",IF(E13<F13,"🔴 REPOR",IF(E13=F13,"🟡 ATENÇÃO","🟢 NORMAL"))) -> 🟡 ATENÇÃO
A14: 01-013 | B14: Resina composta A1E | C14: Unidade | D14: 2 | E14: =IF(A14="","",D14+SUMIFS('Movimentações'!$E$2:$E1000,'Movimentações'!$C$2:$C1000,A14,'Movimentações'!$B$2:$B1000,"Entrada")-SUMIFS('Movimentações'!$E$2:$E1000,'Movimentações'!$C$2:$C1000,A14,'Movimentações'!$B$2:$B1000,"Saída")) -> 2 | F14: 1 | G14: =IF(A14="","",IF(E14<F14,"🔴 REPOR",IF(E14=F14,"🟡 ATENÇÃO","🟢 NORMAL"))) -> 🟢 NORMAL
A15: 01-014 | B15: Resina composta A2E | C15: Unidade | D15: 2 | E15: =IF(A15="","",D15+SUMIFS('Movimentações'!$E$2:$E1000,'Movimentações'!$C$2:$C1000,A15,'Movimentações'!$B$2:$B1000,"Entrada")-SUMIFS('Movimentações'!$E$2:$E1000,'Movimentações'!$C$2:$C1000,A15,'Movimentações'!$B$2:$B1000,"Saída")) -> 2 | F15: 2 | G15: =IF(A15="","",IF(E15<F15,"🔴 REPOR",IF(E15=F15,"🟡 ATENÇÃO","🟢 NORMAL"))) -> 🟡 ATENÇÃO
A16: 01-015 | B16: Resina composta A3E | C16: Unidade | D16: 1 | E16: =IF(A16="","",D16+SUMIFS('Movimentações'!$E$2:$E1000,'Movimentações'!$C$2:$C1000,A16,'Movimentações'!$B$2:$B1000,"Entrada")-SUMIFS('Movimentações'!$E$2:$E1000,'Movimentações'!$C$2:$C1000,A16,'Movimentações'!$B$2:$B1000,"Saída")) -> 1 | F16: 4 | G16: =IF(A16="","",IF(E16<F16,"🔴 REPOR",IF(E16=F16,"🟡 ATENÇÃO","🟢 NORMAL"))) -> 🔴 REPOR
A17: 01-016 | B17: Resina composta A1B | C17: Unidade | D17: 1 | E17: =IF(A17="","",D17+SUMIFS('Movimentações'!$E$2:$E1000,'Movimentações'!$C$2:$C1000,A17,'Movimentações'!$B$2:$B1000,"Entrada")-SUMIFS('Movimentações'!$E$2:$E1000,'Movimentações'!$C$2:$C1000,A17,'Movimentações'!$B$2:$B1000,"Saída")) -> 1 | F17: 1 | G17: =IF(A17="","",IF(E17<F17,"🔴 REPOR",IF(E17=F17,"🟡 ATENÇÃO","🟢 NORMAL"))) -> 🟡 ATENÇÃO
A18: 01-017 | B18: Resina composta A2B | C18: Unidade | D18: 0 | E18: =IF(A18="","",D18+SUMIFS('Movimentações'!$E$2:$E1000,'Movimentações'!$C$2:$C1000,A18,'Movimentações'!$B$2:$B1000,"Entrada")-SUMIFS('Movimentações'!$E$2:$E1000,'Movimentações'!$C$2:$C1000,A18,'Movimentações'!$B$2:$B1000,"Saída")) -> 0 | F18: 2 | G18: =IF(A18="","",IF(E18<F18,"🔴 REPOR",IF(E18=F18,"🟡 ATENÇÃO","🟢 NORMAL"))) -> 🔴 REPOR
A19: 01-018 | B19: Resina composta A3B | C19: Unidade | D19: 0 | E19: =IF(A19="","",D19+SUMIFS('Movimentações'!$E$2:$E1000,'Movimentações'!$C$2:$C1000,A19,'Movimentações'!$B$2:$B1000,"Entrada")-SUMIFS('Movimentações'!$E$2:$E1000,'Movimentações'!$C$2:$C1000,A19,'Movimentações'!$B$2:$B1000,"Saída")) -> 0 | F19: 4 | G19: =IF(A19="","",IF(E19<F19,"🔴 REPOR",IF(E19=F19,"🟡 ATENÇÃO","🟢 NORMAL"))) -> 🔴 REPOR
A20: 01-019 | B20: Resina composta A3.5B | C20: Unidade | D20: 0 | E20: =IF(A20="","",D20+SUMIFS('Movimentações'!$E$2:$E1000,'Movimentações'!$C$2:$C1000,A20,'Movimentações'!$B$2:$B1000,"Entrada")-SUMIFS('Movimentações'!$E$2:$E1000,'Movimentações'!$C$2:$C1000,A20,'Movimentações'!$B$2:$B1000,"Saída")) -> 0 | F20: 4 | G20: =IF(A20="","",IF(E20<F20,"🔴 REPOR",IF(E20=F20,"🟡 ATENÇÃO","🟢 NORMAL"))) -> 🔴 REPOR
A21: 01-020 | B21: Forrador Dentinário Liner | C21: Unidade | D21: 0 | E21: =IF(A21="","",D21+SUMIFS('Movimentações'!$E$2:$E1000,'Movimentações'!$C$2:$C1000,A21,'Movimentações'!$B$2:$B1000,"Entrada")-SUMIFS('Movimentações'!$E$2:$E1000,'Movimentações'!$C$2:$C1000,A21,'Movimentações'!$B$2:$B1000,"Saída")) -> 0 | F21: 2 | G21: =IF(A21="","",IF(E21<F21,"🔴 REPOR",IF(E21=F21,"🟡 ATENÇÃO","🟢 NORMAL"))) -> 🔴 REPOR
A22: 01-021 | B22: Discos de lixa P/M/G com mandril | C22: Pacote | D22: 5 | E22: =IF(A22="","",D22+SUMIFS('Movimentações'!$E$2:$E1000,'Movimentações'!$C$2:$C1000,A22,'Movimentações'!$B$2:$B1000,"Entrada")-SUMIFS('Movimentações'!$E$2:$E1000,'Movimentações'!$C$2:$C1000,A22,'Movimentações'!$B$2:$B1000,"Saída")) -> 5 | F22: 2 | G22: =IF(A22="","",IF(E22<F22,"🔴 REPOR",IF(E22=F22,"🟡 ATENÇÃO","🟢 NORMAL"))) -> 🟢 NORMAL
A23: 01-022 | B23: Disco de lixa M com mandril | C23: Pacote | D23: 1 | E23: =IF(A23="","",D23+SUMIFS('Movimentações'!$E$2:$E1000,'Movimentações'!$C$2:$C1000,A23,'Movimentações'!$B$2:$B1000,"Entrada")-SUMIFS('Movimentações'!$E$2:$E1000,'Movimentações'!$C$2:$C1000,A23,'Movimentações'!$B$2:$B1000,"Saída")) -> 1 | F23: 2 | G23: =IF(A23="","",IF(E23<F23,"🔴 REPOR",IF(E23=F23,"🟡 ATENÇÃO","🟢 NORMAL"))) -> 🔴 REPOR
A24: 01-023 | B24: Bloco de papel p/ espatulação | C24: Bloco | D24: 3 | E24: =IF(A24="","",D24+SUMIFS('Movimentações'!$E$2:$E1000,'Movimentações'!$C$2:$C1000,A24,'Movimentações'!$B$2:$B1000,"Entrada")-SUMIFS('Movimentações'!$E$2:$E1000,'Movimentações'!$C$2:$C1000,A24,'Movimentações'!$B$2:$B1000,"Saída")) -> 3 | F24: 4 | G24: =IF(A24="","",IF(E24<F24,"🔴 REPOR",IF(E24=F24,"🟡 ATENÇÃO","🟢 NORMAL"))) -> 🔴 REPOR
A25: 01-024 | B25: Arco Young plástico | C25: Unidade | D25: 2 | E25: =IF(A25="","",D25+SUMIFS('Movimentações'!$E$2:$E1000,'Movimentações'!$C$2:$C1000,A25,'Movimentações'!$B$2:$B1000,"Entrada")-SUMIFS('Movimentações'!$E$2:$E1000,'Movimentações'!$C$2:$C1000,A25,'Movimentações'!$B$2:$B1000,"Saída")) -> 2 | F25: 2 | G25: =IF(A25="","",IF(E25<F25,"🔴 REPOR",IF(E25=F25,"🟡 ATENÇÃO","🟢 NORMAL"))) -> 🟡 ATENÇÃO
A26: 01-025 | B26: Fio dental | C26: Unidade | D26: 9 | E26: =IF(A26="","",D26+SUMIFS('Movimentações'!$E$2:$E1000,'Movimentações'!$C$2:$C1000,A26,'Movimentações'!$B$2:$B1000,"Entrada")-SUMIFS('Movimentações'!$E$2:$E1000,'Movimentações'!$C$2:$C1000,A26,'Movimentações'!$B$2:$B1000,"Saída")) -> 9 | F26: 6 | G26: =IF(A26="","",IF(E26<F26,"🔴 REPOR",IF(E26=F26,"🟡 ATENÇÃO","🟢 NORMAL"))) -> 🟢 NORMAL
A27: 01-026 | B27: Disco de lixa superfino s/ mandril | C27: Pacote | D27: 7 | E27: =IF(A27="","",D27+SUMIFS('Movimentações'!$E$2:$E1000,'Movimentações'!$C$2:$C1000,A27,'Movimentações'!$B$2:$B1000,"Entrada")-SUMIFS('Movimentações'!$E$2:$E1000,'Movimentações'!$C$2:$C1000,A27,'Movimentações'!$B$2:$B1000,"Saída")) -> 7 | F27: 4 | G27: =IF(A27="","",IF(E27<F27,"🔴 REPOR",IF(E27=F27,"🟡 ATENÇÃO","🟢 NORMAL"))) -> 🟢 NORMAL
A28: 01-027 | B28: Disco de lixa grosso s/ mandril | C28: Pacote | D28: 4 | E28: =IF(A28="","",D28+SUMIFS('Movimentações'!$E$2:$E1000,'Movimentações'!$C$2:$C1000,A28,'Movimentações'!$B$2:$B1000,"Entrada")-SUMIFS('Movimentações'!$E$2:$E1000,'Movimentações'!$C$2:$C1000,A28,'Movimentações'!$B$2:$B1000,"Saída")) -> 4 | F28: 4 | G28: =IF(A28="","",IF(E28<F28,"🔴 REPOR",IF(E28=F28,"🟡 ATENÇÃO","🟢 NORMAL"))) -> 🟡 ATENÇÃO
A29: 01-028 | B29: Tira de poliéster p/ acabamento | C29: Pacote | D29: 14 | E29: =IF(A29="","",D29+SUMIFS('Movimentações'!$E$2:$E1000,'Movimentações'!$C$2:$C1000,A29,'Movimentações'!$B$2:$B1000,"Entrada")-SUMIFS('Movimentações'!$E$2:$E1000,'Movimentações'!$C$2:$C1000,A29,'Movimentações'!$B$2:$B1000,"Saída")) -> 14 | F29: 4 | G29: =IF(A29="","",IF(E29<F29,"🔴 REPOR",IF(E29=F29,"🟡 ATENÇÃO","🟢 NORMAL"))) -> 🟢 NORMAL
A30: 01-029 | B30: Tira de poliéster transparente | C30: Pacote | D30: 15 | E30: =IF(A30="","",D30+SUMIFS('Movimentações'!$E$2:$E1000,'Movimentações'!$C$2:$C1000,A30,'Movimentações'!$B$2:$B1000,"Entrada")-SUMIFS('Movimentações'!$E$2:$E1000,'Movimentações'!$C$2:$C1000,A30,'Movimentações'!$B$2:$B1000,"Saída")) -> 15 | F30: 4 | G30: =IF(A30="","",IF(E30<F30,"🔴 REPOR",IF(E30=F30,"🟡 ATENÇÃO","🟢 NORMAL"))) -> 🟢 NORMAL
A31: 01-030 | B31: Cunha de madeira | C31: Pacote | D31: 7 | E31: =IF(A31="","",D31+SUMIFS('Movimentações'!$E$2:$E1000,'Movimentações'!$C$2:$C1000,A31,'Movimentações'!$B$2:$B1000,"Entrada")-SUMIFS('Movimentações'!$E$2:$E1000,'Movimentações'!$C$2:$C1000,A31,'Movimentações'!$B$2:$B1000,"Saída")) -> 7 | F31: 4 | G31: =IF(A31="","",IF(E31<F31,"🔴 REPOR",IF(E31=F31,"🟡 ATENÇÃO","🟢 NORMAL"))) -> 🟢 NORMAL
A32: 01-031 | B32: Papel carbono | C32: Pacote | D32: 70 | E32: =IF(A32="","",D32+SUMIFS('Movimentações'!$E$2:$E1000,'Movimentações'!$C$2:$C1000,A32,'Movimentações'!$B$2:$B1000,"Entrada")-SUMIFS('Movimentações'!$E$2:$E1000,'Movimentações'!$C$2:$C1000,A32,'Movimentações'!$B$2:$B1000,"Saída")) -> 70 | F32: 8 | G32: =IF(A32="","",IF(E32<F32,"🔴 REPOR",IF(E32=F32,"🟡 ATENÇÃO","🟢 NORMAL"))) -> 🟢 NORMAL
A33: 01-032 | B33: Fio retrator | C33: Unidade | D33: 2 | E33: =IF(A33="","",D33+SUMIFS('Movimentações'!$E$2:$E1000,'Movimentações'!$C$2:$C1000,A33,'Movimentações'!$B$2:$B1000,"Entrada")-SUMIFS('Movimentações'!$E$2:$E1000,'Movimentações'!$C$2:$C1000,A33,'Movimentações'!$B$2:$B1000,"Saída")) -> 2 | F33: 2 | G33: =IF(A33="","",IF(E33<F33,"🔴 REPOR",IF(E33=F33,"🟡 ATENÇÃO","🟢 NORMAL"))) -> 🟡 ATENÇÃO
A34: 02-001 | B34: Esponja Hemostática | C34: Pacote | D34: 1 | E34: =IF(A34="","",D34+SUMIFS('Movimentações'!$E$2:$E1000,'Movimentações'!$C$2:$C1000,A34,'Movimentações'!$B$2:$B1000,"Entrada")-SUMIFS('Movimentações'!$E$2:$E1000,'Movimentações'!$C$2:$C1000,A34,'Movimentações'!$B$2:$B1000,"Saída")) -> 1 | F34: 2 | G34: =IF(A34="","",IF(E34<F34,"🔴 REPOR",IF(E34=F34,"🟡 ATENÇÃO","🟢 NORMAL"))) -> 🔴 REPOR
A35: 02-002 | B35: Líquido Hemostático | C35: Frasco | D35: 1 | E35: =IF(A35="","",D35+SUMIFS('Movimentações'!$E$2:$E1000,'Movimentações'!$C$2:$C1000,A35,'Movimentações'!$B$2:$B1000,"Entrada")-SUMIFS('Movimentações'!$E$2:$E1000,'Movimentações'!$C$2:$C1000,A35,'Movimentações'!$B$2:$B1000,"Saída")) -> 1 | F35: 2 | G35: =IF(A35="","",IF(E35<F35,"🔴 REPOR",IF(E35=F35,"🟡 ATENÇÃO","🟢 NORMAL"))) -> 🔴 REPOR
A36: 02-003 | B36: Lâmina de bisturi | C36: Caixa | D36: 2 | E36: =IF(A36="","",D36+SUMIFS('Movimentações'!$E$2:$E1000,'Movimentações'!$C$2:$C1000,A36,'Movimentações'!$B$2:$B1000,"Entrada")-SUMIFS('Movimentações'!$E$2:$E1000,'Movimentações'!$C$2:$C1000,A36,'Movimentações'!$B$2:$B1000,"Saída")) -> 2 | F36: 2 | G36: =IF(A36="","",IF(E36<F36,"🔴 REPOR",IF(E36=F36,"🟡 ATENÇÃO","🟢 NORMAL"))) -> 🟡 ATENÇÃO
A37: 02-004 | B37: Agulha 22 G (preta) | C37: Caixa | D37: 6 | E37: =IF(A37="","",D37+SUMIFS('Movimentações'!$E$2:$E1000,'Movimentações'!$C$2:$C1000,A37,'Movimentações'!$B$2:$B1000,"Entrada")-SUMIFS('Movimentações'!$E$2:$E1000,'Movimentações'!$C$2:$C1000,A37,'Movimentações'!$B$2:$B1000,"Saída")) -> 6 | F37: 2 | G37: =IF(A37="","",IF(E37<F37,"🔴 REPOR",IF(E37=F37,"🟡 ATENÇÃO","🟢 NORMAL"))) -> 🟢 NORMAL
A38: 02-005 | B38: Fio de sutura | C38: Caixa | D38: 4 | E38: =IF(A38="","",D38+SUMIFS('Movimentações'!$E$2:$E1000,'Movimentações'!$C$2:$C1000,A38,'Movimentações'!$B$2:$B1000,"Entrada")-SUMIFS('Movimentações'!$E$2:$E1000,'Movimentações'!$C$2:$C1000,A38,'Movimentações'!$B$2:$B1000,"Saída")) -> 4 | F38: 2 | G38: =IF(A38="","",IF(E38<F38,"🔴 REPOR",IF(E38=F38,"🟡 ATENÇÃO","🟢 NORMAL"))) -> 🟢 NORMAL
A39: 03-001 | B39: Bicarbonato de sódio | C39: Caixa | D39: 9 | E39: =IF(A39="","",D39+SUMIFS('Movimentações'!$E$2:$E1000,'Movimentações'!$C$2:$C1000,A39,'Movimentações'!$B$2:$B1000,"Entrada")-SUMIFS('Movimentações'!$E$2:$E1000,'Movimentações'!$C$2:$C1000,A39,'Movimentações'!$B$2:$B1000,"Saída")) -> 9 | F39: 2 | G39: =IF(A39="","",IF(E39<F39,"🔴 REPOR",IF(E39=F39,"🟡 ATENÇÃO","🟢 NORMAL"))) -> 🟢 NORMAL
A40: 04-001 | B40: NDP | C40: Caixa | D40: 1 | E40: =IF(A40="","",D40+SUMIFS('Movimentações'!$E$2:$E1000,'Movimentações'!$C$2:$C1000,A40,'Movimentações'!$B$2:$B1000,"Entrada")-SUMIFS('Movimentações'!$E$2:$E1000,'Movimentações'!$C$2:$C1000,A40,'Movimentações'!$B$2:$B1000,"Saída")) -> 1 | F40: 2 | G40: =IF(A40="","",IF(E40<F40,"🔴 REPOR",IF(E40=F40,"🟡 ATENÇÃO","🟢 NORMAL"))) -> 🔴 REPOR
A41: 04-002 | B41: PRP | C41: Caixa | D41: 0 | E41: =IF(A41="","",D41+SUMIFS('Movimentações'!$E$2:$E1000,'Movimentações'!$C$2:$C1000,A41,'Movimentações'!$B$2:$B1000,"Entrada")-SUMIFS('Movimentações'!$E$2:$E1000,'Movimentações'!$C$2:$C1000,A41,'Movimentações'!$B$2:$B1000,"Saída")) -> 0 | F41: 2 | G41: =IF(A41="","",IF(E41<F41,"🔴 REPOR",IF(E41=F41,"🟡 ATENÇÃO","🟢 NORMAL"))) -> 🔴 REPOR
A42: 04-003 | B42: Eucaliptol | C42: Frasco | D42: 1 | E42: =IF(A42="","",D42+SUMIFS('Movimentações'!$E$2:$E1000,'Movimentações'!$C$2:$C1000,A42,'Movimentações'!$B$2:$B1000,"Entrada")-SUMIFS('Movimentações'!$E$2:$E1000,'Movimentações'!$C$2:$C1000,A42,'Movimentações'!$B$2:$B1000,"Saída")) -> 1 | F42: 1 | G42: =IF(A42="","",IF(E42<F42,"🔴 REPOR",IF(E42=F42,"🟡 ATENÇÃO","🟢 NORMAL"))) -> 🟡 ATENÇÃO
A43: 04-004 | B43: Lençol de borracha | C43: Caixa | D43: 9 | E43: =IF(A43="","",D43+SUMIFS('Movimentações'!$E$2:$E1000,'Movimentações'!$C$2:$C1000,A43,'Movimentações'!$B$2:$B1000,"Entrada")-SUMIFS('Movimentações'!$E$2:$E1000,'Movimentações'!$C$2:$C1000,A43,'Movimentações'!$B$2:$B1000,"Saída")) -> 9 | F43: 2 | G43: =IF(A43="","",IF(E43<F43,"🔴 REPOR",IF(E43=F43,"🟡 ATENÇÃO","🟢 NORMAL"))) -> 🟢 NORMAL
A44: 04-005 | B44: Formocresol | C44: Unidade | D44: 0 | E44: =IF(A44="","",D44+SUMIFS('Movimentações'!$E$2:$E1000,'Movimentações'!$C$2:$C1000,A44,'Movimentações'!$B$2:$B1000,"Entrada")-SUMIFS('Movimentações'!$E$2:$E1000,'Movimentações'!$C$2:$C1000,A44,'Movimentações'!$B$2:$B1000,"Saída")) -> 0 | F44: 2 | G44: =IF(A44="","",IF(E44<F44,"🔴 REPOR",IF(E44=F44,"🟡 ATENÇÃO","🟢 NORMAL"))) -> 🔴 REPOR
A45: 04-006 | B45: Cone de papel absorvente 45-80 | C45: Pacote | D45: 22 | E45: =IF(A45="","",D45+SUMIFS('Movimentações'!$E$2:$E1000,'Movimentações'!$C$2:$C1000,A45,'Movimentações'!$B$2:$B1000,"Entrada")-SUMIFS('Movimentações'!$E$2:$E1000,'Movimentações'!$C$2:$C1000,A45,'Movimentações'!$B$2:$B1000,"Saída")) -> 22 | F45: 2 | G45: =IF(A45="","",IF(E45<F45,"🔴 REPOR",IF(E45=F45,"🟡 ATENÇÃO","🟢 NORMAL"))) -> 🟢 NORMAL
A46: 04-007 | B46: Cone de papel absorvente 15 | C46: Pacote | D46: 4 | E46: =IF(A46="","",D46+SUMIFS('Movimentações'!$E$2:$E1000,'Movimentações'!$C$2:$C1000,A46,'Movimentações'!$B$2:$B1000,"Entrada")-SUMIFS('Movimentações'!$E$2:$E1000,'Movimentações'!$C$2:$C1000,A46,'Movimentações'!$B$2:$B1000,"Saída")) -> 4 | F46: 2 | G46: =IF(A46="","",IF(E46<F46,"🔴 REPOR",IF(E46=F46,"🟡 ATENÇÃO","🟢 NORMAL"))) -> 🟢 NORMAL
A47: 04-008 | B47: Cone de papel absorvente 20 | C47: Pacote | D47: 5 | E47: =IF(A47="","",D47+SUMIFS('Movimentações'!$E$2:$E1000,'Movimentações'!$C$2:$C1000,A47,'Movimentações'!$B$2:$B1000,"Entrada")-SUMIFS('Movimentações'!$E$2:$E1000,'Movimentações'!$C$2:$C1000,A47,'Movimentações'!$B$2:$B1000,"Saída")) -> 5 | F47: 2 | G47: =IF(A47="","",IF(E47<F47,"🔴 REPOR",IF(E47=F47,"🟡 ATENÇÃO","🟢 NORMAL"))) -> 🟢 NORMAL
A48: 04-009 | B48: Cone de papel absorvente 25 | C48: Pacote | D48: 3 | E48: =IF(A48="","",D48+SUMIFS('Movimentações'!$E$2:$E1000,'Movimentações'!$C$2:$C1000,A48,'Movimentações'!$B$2:$B1000,"Entrada")-SUMIFS('Movimentações'!$E$2:$E1000,'Movimentações'!$C$2:$C1000,A48,'Movimentações'!$B$2:$B1000,"Saída")) -> 3 | F48: 2 | G48: =IF(A48="","",IF(E48<F48,"🔴 REPOR",IF(E48=F48,"🟡 ATENÇÃO","🟢 NORMAL"))) -> 🟢 NORMAL
A49: 04-010 | B49: Cone de papel absorvente 30 | C49: Pacote | D49: 3 | E49: =IF(A49="","",D49+SUMIFS('Movimentações'!$E$2:$E1000,'Movimentações'!$C$2:$C1000,A49,'Movimentações'!$B$2:$B1000,"Entrada")-SUMIFS('Movimentações'!$E$2:$E1000,'Movimentações'!$C$2:$C1000,A49,'Movimentações'!$B$2:$B1000,"Saída")) -> 3 | F49: 2 | G49: =IF(A49="","",IF(E49<F49,"🔴 REPOR",IF(E49=F49,"🟡 ATENÇÃO","🟢 NORMAL"))) -> 🟢 NORMAL
A50: 04-011 | B50: Cone de papel absorvente 35 | C50: Pacote | D50: 1 | E50: =IF(A50="","",D50+SUMIFS('Movimentações'!$E$2:$E1000,'Movimentações'!$C$2:$C1000,A50,'Movimentações'!$B$2:$B1000,"Entrada")-SUMIFS('Movimentações'!$E$2:$E1000,'Movimentações'!$C$2:$C1000,A50,'Movimentações'!$B$2:$B1000,"Saída")) -> 1 | F50: 2 | G50: =IF(A50="","",IF(E50<F50,"🔴 REPOR",IF(E50=F50,"🟡 ATENÇÃO","🟢 NORMAL"))) -> 🔴 REPOR
A51: 04-012 | B51: Cone de papel absorvente 60 | C51: Pacote | D51: 3 | E51: =IF(A51="","",D51+SUMIFS('Movimentações'!$E$2:$E1000,'Movimentações'!$C$2:$C1000,A51,'Movimentações'!$B$2:$B1000,"Entrada")-SUMIFS('Movimentações'!$E$2:$E1000,'Movimentações'!$C$2:$C1000,A51,'Movimentações'!$B$2:$B1000,"Saída")) -> 3 | F51: 2 | G51: =IF(A51="","",IF(E51<F51,"🔴 REPOR",IF(E51=F51,"🟡 ATENÇÃO","🟢 NORMAL"))) -> 🟢 NORMAL
A52: 04-013 | B52: Cone de papel absorvente 80 | C52: Pacote | D52: 4 | E52: =IF(A52="","",D52+SUMIFS('Movimentações'!$E$2:$E1000,'Movimentações'!$C$2:$C1000,A52,'Movimentações'!$B$2:$B1000,"Entrada")-SUMIFS('Movimentações'!$E$2:$E1000,'Movimentações'!$C$2:$C1000,A52,'Movimentações'!$B$2:$B1000,"Saída")) -> 4 | F52: 2 | G52: =IF(A52="","",IF(E52<F52,"🔴 REPOR",IF(E52=F52,"🟡 ATENÇÃO","🟢 NORMAL"))) -> 🟢 NORMAL
A53: 05-001 | B53: Agulha curta | C53: Caixa | D53: 5 | E53: =IF(A53="","",D53+SUMIFS('Movimentações'!$E$2:$E1000,'Movimentações'!$C$2:$C1000,A53,'Movimentações'!$B$2:$B1000,"Entrada")-SUMIFS('Movimentações'!$E$2:$E1000,'Movimentações'!$C$2:$C1000,A53,'Movimentações'!$B$2:$B1000,"Saída")) -> 5 | F53: 2 | G53: =IF(A53="","",IF(E53<F53,"🔴 REPOR",IF(E53=F53,"🟡 ATENÇÃO","🟢 NORMAL"))) -> 🟢 NORMAL
A54: 05-002 | B54: Filmes radiográficos | C54: Caixa | D54: 7 | E54: =IF(A54="","",D54+SUMIFS('Movimentações'!$E$2:$E1000,'Movimentações'!$C$2:$C1000,A54,'Movimentações'!$B$2:$B1000,"Entrada")-SUMIFS('Movimentações'!$E$2:$E1000,'Movimentações'!$C$2:$C1000,A54,'Movimentações'!$B$2:$B1000,"Saída")) -> 7 | F54: 2 | G54: =IF(A54="","",IF(E54<F54,"🔴 REPOR",IF(E54=F54,"🟡 ATENÇÃO","🟢 NORMAL"))) -> 🟢 NORMAL
A55: 05-003 | B55: Sugador cirúrgico | C55: Unidade | D55: 8 | E55: =IF(A55="","",D55+SUMIFS('Movimentações'!$E$2:$E1000,'Movimentações'!$C$2:$C1000,A55,'Movimentações'!$B$2:$B1000,"Entrada")-SUMIFS('Movimentações'!$E$2:$E1000,'Movimentações'!$C$2:$C1000,A55,'Movimentações'!$B$2:$B1000,"Saída")) -> 8 | F55: 2 | G55: =IF(A55="","",IF(E55<F55,"🔴 REPOR",IF(E55=F55,"🟡 ATENÇÃO","🟢 NORMAL"))) -> 🟢 NORMAL
A56: 05-004 | B56: Caixa descarpack pequena 3 L | C56: Unidade | D56: 8 | E56: =IF(A56="","",D56+SUMIFS('Movimentações'!$E$2:$E1000,'Movimentações'!$C$2:$C1000,A56,'Movimentações'!$B$2:$B1000,"Entrada")-SUMIFS('Movimentações'!$E$2:$E1000,'Movimentações'!$C$2:$C1000,A56,'Movimentações'!$B$2:$B1000,"Saída")) -> 8 | F56: 4 | G56: =IF(A56="","",IF(E56<F56,"🔴 REPOR",IF(E56=F56,"🟡 ATENÇÃO","🟢 NORMAL"))) -> 🟢 NORMAL
A57: 05-005 | B57: Touca descartável | C57: Pacote | D57: 9 | E57: =IF(A57="","",D57+SUMIFS('Movimentações'!$E$2:$E1000,'Movimentações'!$C$2:$C1000,A57,'Movimentações'!$B$2:$B1000,"Entrada")-SUMIFS('Movimentações'!$E$2:$E1000,'Movimentações'!$C$2:$C1000,A57,'Movimentações'!$B$2:$B1000,"Saída")) -> 9 | F57: 4 | G57: =IF(A57="","",IF(E57<F57,"🔴 REPOR",IF(E57=F57,"🟡 ATENÇÃO","🟢 NORMAL"))) -> 🟢 NORMAL
A58: 05-006 | B58: Máscara N95 | C58: Unidade | D58: 220 | E58: =IF(A58="","",D58+SUMIFS('Movimentações'!$E$2:$E1000,'Movimentações'!$C$2:$C1000,A58,'Movimentações'!$B$2:$B1000,"Entrada")-SUMIFS('Movimentações'!$E$2:$E1000,'Movimentações'!$C$2:$C1000,A58,'Movimentações'!$B$2:$B1000,"Saída")) -> 220 | F58: 150 | G58: =IF(A58="","",IF(E58<F58,"🔴 REPOR",IF(E58=F58,"🟡 ATENÇÃO","🟢 NORMAL"))) -> 🟢 NORMAL
A59: 05-007 | B59: Máscara descartável | C59: Caixa | D59: 9 | E59: =IF(A59="","",D59+SUMIFS('Movimentações'!$E$2:$E1000,'Movimentações'!$C$2:$C1000,A59,'Movimentações'!$B$2:$B1000,"Entrada")-SUMIFS('Movimentações'!$E$2:$E1000,'Movimentações'!$C$2:$C1000,A59,'Movimentações'!$B$2:$B1000,"Saída")) -> 9 | F59: 6 | G59: =IF(A59="","",IF(E59<F59,"🔴 REPOR",IF(E59=F59,"🟡 ATENÇÃO","🟢 NORMAL"))) -> 🟢 NORMAL
A60: 05-008 | B60: Avental cirúrgico | C60: Unidade | D60: 42 | E60: =IF(A60="","",D60+SUMIFS('Movimentações'!$E$2:$E1000,'Movimentações'!$C$2:$C1000,A60,'Movimentações'!$B$2:$B1000,"Entrada")-SUMIFS('Movimentações'!$E$2:$E1000,'Movimentações'!$C$2:$C1000,A60,'Movimentações'!$B$2:$B1000,"Saída")) -> 42 | F60: 12 | G60: =IF(A60="","",IF(E60<F60,"🔴 REPOR",IF(E60=F60,"🟡 ATENÇÃO","🟢 NORMAL"))) -> 🟢 NORMAL
A61: 05-009 | B61: Avental de TNT | C61: Unidade | D61: 930 | E61: =IF(A61="","",D61+SUMIFS('Movimentações'!$E$2:$E1000,'Movimentações'!$C$2:$C1000,A61,'Movimentações'!$B$2:$B1000,"Entrada")-SUMIFS('Movimentações'!$E$2:$E1000,'Movimentações'!$C$2:$C1000,A61,'Movimentações'!$B$2:$B1000,"Saída")) -> 928 | F61: 300 | G61: =IF(A61="","",IF(E61<F61,"🔴 REPOR",IF(E61=F61,"🟡 ATENÇÃO","🟢 NORMAL"))) -> 🟢 NORMAL
A62: 05-010 | B62: Avental de plástico | C62: Unidade | D62: 390 | E62: =IF(A62="","",D62+SUMIFS('Movimentações'!$E$2:$E1000,'Movimentações'!$C$2:$C1000,A62,'Movimentações'!$B$2:$B1000,"Entrada")-SUMIFS('Movimentações'!$E$2:$E1000,'Movimentações'!$C$2:$C1000,A62,'Movimentações'!$B$2:$B1000,"Saída")) -> 390 | F62: 100 | G62: =IF(A62="","",IF(E62<F62,"🔴 REPOR",IF(E62=F62,"🟡 ATENÇÃO","🟢 NORMAL"))) -> 🟢 NORMAL
A63: 05-011 | B63: Rolete de algodão | C63: Pacote | D63: 300 | E63: =IF(A63="","",D63+SUMIFS('Movimentações'!$E$2:$E1000,'Movimentações'!$C$2:$C1000,A63,'Movimentações'!$B$2:$B1000,"Entrada")-SUMIFS('Movimentações'!$E$2:$E1000,'Movimentações'!$C$2:$C1000,A63,'Movimentações'!$B$2:$B1000,"Saída")) -> 300 | F63: 100 | G63: =IF(A63="","",IF(E63<F63,"🔴 REPOR",IF(E63=F63,"🟡 ATENÇÃO","🟢 NORMAL"))) -> 🟢 NORMAL
A64: 05-012 | B64: Sugador | C64: Pacote | D64: 150 | E64: =IF(A64="","",D64+SUMIFS('Movimentações'!$E$2:$E1000,'Movimentações'!$C$2:$C1000,A64,'Movimentações'!$B$2:$B1000,"Entrada")-SUMIFS('Movimentações'!$E$2:$E1000,'Movimentações'!$C$2:$C1000,A64,'Movimentações'!$B$2:$B1000,"Saída")) -> 150 | F64: 50 | G64: =IF(A64="","",IF(E64<F64,"🔴 REPOR",IF(E64=F64,"🟡 ATENÇÃO","🟢 NORMAL"))) -> 🟢 NORMAL
A65: 05-013 | B65: Seringa 10 mL | C65: Unidade | D65: 250 | E65: =IF(A65="","",D65+SUMIFS('Movimentações'!$E$2:$E1000,'Movimentações'!$C$2:$C1000,A65,'Movimentações'!$B$2:$B1000,"Entrada")-SUMIFS('Movimentações'!$E$2:$E1000,'Movimentações'!$C$2:$C1000,A65,'Movimentações'!$B$2:$B1000,"Saída")) -> 250 | F65: 50 | G65: =IF(A65="","",IF(E65<F65,"🔴 REPOR",IF(E65=F65,"🟡 ATENÇÃO","🟢 NORMAL"))) -> 🟢 NORMAL
A66: 05-014 | B66: Saco Geladinho | C66: Unidade | D66: 20000 | E66: =IF(A66="","",D66+SUMIFS('Movimentações'!$E$2:$E1000,'Movimentações'!$C$2:$C1000,A66,'Movimentações'!$B$2:$B1000,"Entrada")-SUMIFS('Movimentações'!$E$2:$E1000,'Movimentações'!$C$2:$C1000,A66,'Movimentações'!$B$2:$B1000,"Saída")) -> 20000 | F66: 2000 | G66: =IF(A66="","",IF(E66<F66,"🔴 REPOR",IF(E66=F66,"🟡 ATENÇÃO","🟢 NORMAL"))) -> 🟢 NORMAL
A67: 05-015 | B67: Papel grau cirúrgico 150 mm | C67: Unidade | D67: 0 | E67: =IF(A67="","",D67+SUMIFS('Movimentações'!$E$2:$E1000,'Movimentações'!$C$2:$C1000,A67,'Movimentações'!$B$2:$B1000,"Entrada")-SUMIFS('Movimentações'!$E$2:$E1000,'Movimentações'!$C$2:$C1000,A67,'Movimentações'!$B$2:$B1000,"Saída")) -> 0 | F67: 2 | G67: =IF(A67="","",IF(E67<F67,"🔴 REPOR",IF(E67=F67,"🟡 ATENÇÃO","🟢 NORMAL"))) -> 🔴 REPOR
A68: 05-016 | B68: Papel grau cirúrgico 200 mm | C68: Unidade | D68: 1 | E68: =IF(A68="","",D68+SUMIFS('Movimentações'!$E$2:$E1000,'Movimentações'!$C$2:$C1000,A68,'Movimentações'!$B$2:$B1000,"Entrada")-SUMIFS('Movimentações'!$E$2:$E1000,'Movimentações'!$C$2:$C1000,A68,'Movimentações'!$B$2:$B1000,"Saída")) -> 1 | F68: 1 | G68: =IF(A68="","",IF(E68<F68,"🔴 REPOR",IF(E68=F68,"🟡 ATENÇÃO","🟢 NORMAL"))) -> 🟡 ATENÇÃO
A69: 05-017 | B69: Álcool 70% | C69: Unidade | D69: 27 | E69: =IF(A69="","",D69+SUMIFS('Movimentações'!$E$2:$E1000,'Movimentações'!$C$2:$C1000,A69,'Movimentações'!$B$2:$B1000,"Entrada")-SUMIFS('Movimentações'!$E$2:$E1000,'Movimentações'!$C$2:$C1000,A69,'Movimentações'!$B$2:$B1000,"Saída")) -> 26 | F69: 12 | G69: =IF(A69="","",IF(E69<F69,"🔴 REPOR",IF(E69=F69,"🟡 ATENÇÃO","🟢 NORMAL"))) -> 🟢 NORMAL
A70: 05-018 | B70: Revelador | C70: Unidade | D70: 6 | E70: =IF(A70="","",D70+SUMIFS('Movimentações'!$E$2:$E1000,'Movimentações'!$C$2:$C1000,A70,'Movimentações'!$B$2:$B1000,"Entrada")-SUMIFS('Movimentações'!$E$2:$E1000,'Movimentações'!$C$2:$C1000,A70,'Movimentações'!$B$2:$B1000,"Saída")) -> 6 | F70: 6 | G70: =IF(A70="","",IF(E70<F70,"🔴 REPOR",IF(E70=F70,"🟡 ATENÇÃO","🟢 NORMAL"))) -> 🟡 ATENÇÃO
A71: 05-019 | B71: Fixador | C71: Unidade | D71: 14 | E71: =IF(A71="","",D71+SUMIFS('Movimentações'!$E$2:$E1000,'Movimentações'!$C$2:$C1000,A71,'Movimentações'!$B$2:$B1000,"Entrada")-SUMIFS('Movimentações'!$E$2:$E1000,'Movimentações'!$C$2:$C1000,A71,'Movimentações'!$B$2:$B1000,"Saída")) -> 14 | F71: 6 | G71: =IF(A71="","",IF(E71<F71,"🔴 REPOR",IF(E71=F71,"🟡 ATENÇÃO","🟢 NORMAL"))) -> 🟢 NORMAL
A72: 05-020 | B72: Álcool em gel | C72: Unidade | D72: 13 | E72: =IF(A72="","",D72+SUMIFS('Movimentações'!$E$2:$E1000,'Movimentações'!$C$2:$C1000,A72,'Movimentações'!$B$2:$B1000,"Entrada")-SUMIFS('Movimentações'!$E$2:$E1000,'Movimentações'!$C$2:$C1000,A72,'Movimentações'!$B$2:$B1000,"Saída")) -> 13 | F72: 6 | G72: =IF(A72="","",IF(E72<F72,"🔴 REPOR",IF(E72=F72,"🟡 ATENÇÃO","🟢 NORMAL"))) -> 🟢 NORMAL
A73: 05-021 | B73: Detergente enzimático | C73: Unidade | D73: 3 | E73: =IF(A73="","",D73+SUMIFS('Movimentações'!$E$2:$E1000,'Movimentações'!$C$2:$C1000,A73,'Movimentações'!$B$2:$B1000,"Entrada")-SUMIFS('Movimentações'!$E$2:$E1000,'Movimentações'!$C$2:$C1000,A73,'Movimentações'!$B$2:$B1000,"Saída")) -> 3 | F73: 2 | G73: =IF(A73="","",IF(E73<F73,"🔴 REPOR",IF(E73=F73,"🟡 ATENÇÃO","🟢 NORMAL"))) -> 🟢 NORMAL
A74: 05-022 | B74: Hipoclorito de sódio 2,5% | C74: Unidade | D74: 3 | E74: =IF(A74="","",D74+SUMIFS('Movimentações'!$E$2:$E1000,'Movimentações'!$C$2:$C1000,A74,'Movimentações'!$B$2:$B1000,"Entrada")-SUMIFS('Movimentações'!$E$2:$E1000,'Movimentações'!$C$2:$C1000,A74,'Movimentações'!$B$2:$B1000,"Saída")) -> 3 | F74: 4 | G74: =IF(A74="","",IF(E74<F74,"🔴 REPOR",IF(E74=F74,"🟡 ATENÇÃO","🟢 NORMAL"))) -> 🔴 REPOR
A75: 05-023 | B75: Guardanapo | C75: Pacote | D75: 54 | E75: =IF(A75="","",D75+SUMIFS('Movimentações'!$E$2:$E1000,'Movimentações'!$C$2:$C1000,A75,'Movimentações'!$B$2:$B1000,"Entrada")-SUMIFS('Movimentações'!$E$2:$E1000,'Movimentações'!$C$2:$C1000,A75,'Movimentações'!$B$2:$B1000,"Saída")) -> 52 | F75: 25 | G75: =IF(A75="","",IF(E75<F75,"🔴 REPOR",IF(E75=F75,"🟡 ATENÇÃO","🟢 NORMAL"))) -> 🟢 NORMAL
A76: 05-024 | B76: Água destilada | C76: Galão | D76: 27 | E76: =IF(A76="","",D76+SUMIFS('Movimentações'!$E$2:$E1000,'Movimentações'!$C$2:$C1000,A76,'Movimentações'!$B$2:$B1000,"Entrada")-SUMIFS('Movimentações'!$E$2:$E1000,'Movimentações'!$C$2:$C1000,A76,'Movimentações'!$B$2:$B1000,"Saída")) -> 26 | F76: 10 | G76: =IF(A76="","",IF(E76<F76,"🔴 REPOR",IF(E76=F76,"🟡 ATENÇÃO","🟢 NORMAL"))) -> 🟢 NORMAL
A77: 05-025 | B77: Babador | C77: Pacote | D77: 61 | E77: =IF(A77="","",D77+SUMIFS('Movimentações'!$E$2:$E1000,'Movimentações'!$C$2:$C1000,A77,'Movimentações'!$B$2:$B1000,"Entrada")-SUMIFS('Movimentações'!$E$2:$E1000,'Movimentações'!$C$2:$C1000,A77,'Movimentações'!$B$2:$B1000,"Saída")) -> 60 | F77: 25 | G77: =IF(A77="","",IF(E77<F77,"🔴 REPOR",IF(E77=F77,"🟡 ATENÇÃO","🟢 NORMAL"))) -> 🟢 NORMAL
A78: 05-026 | B78: Gaze | C78: Pacote | D78: 73 | E78: =IF(A78="","",D78+SUMIFS('Movimentações'!$E$2:$E1000,'Movimentações'!$C$2:$C1000,A78,'Movimentações'!$B$2:$B1000,"Entrada")-SUMIFS('Movimentações'!$E$2:$E1000,'Movimentações'!$C$2:$C1000,A78,'Movimentações'!$B$2:$B1000,"Saída")) -> 71 | F78: 25 | G78: =IF(A78="","",IF(E78<F78,"🔴 REPOR",IF(E78=F78,"🟡 ATENÇÃO","🟢 NORMAL"))) -> 🟢 NORMAL
A79: 05-027 | B79: Flúor 2% | C79: Unidade | D79: 7 | E79: =IF(A79="","",D79+SUMIFS('Movimentações'!$E$2:$E1000,'Movimentações'!$C$2:$C1000,A79,'Movimentações'!$B$2:$B1000,"Entrada")-SUMIFS('Movimentações'!$E$2:$E1000,'Movimentações'!$C$2:$C1000,A79,'Movimentações'!$B$2:$B1000,"Saída")) -> 7 | F79: 4 | G79: =IF(A79="","",IF(E79<F79,"🔴 REPOR",IF(E79=F79,"🟡 ATENÇÃO","🟢 NORMAL"))) -> 🟢 NORMAL
A80: 05-028 | B80: Flúor 1,23% | C80: Unidade | D80: 8 | E80: =IF(A80="","",D80+SUMIFS('Movimentações'!$E$2:$E1000,'Movimentações'!$C$2:$C1000,A80,'Movimentações'!$B$2:$B1000,"Entrada")-SUMIFS('Movimentações'!$E$2:$E1000,'Movimentações'!$C$2:$C1000,A80,'Movimentações'!$B$2:$B1000,"Saída")) -> 8 | F80: 4 | G80: =IF(A80="","",IF(E80<F80,"🔴 REPOR",IF(E80=F80,"🟡 ATENÇÃO","🟢 NORMAL"))) -> 🟢 NORMAL
A81: 05-029 | B81: Clorexidina 2% (lavar mãos) | C81: Unidade | D81: 1 | E81: =IF(A81="","",D81+SUMIFS('Movimentações'!$E$2:$E1000,'Movimentações'!$C$2:$C1000,A81,'Movimentações'!$B$2:$B1000,"Entrada")-SUMIFS('Movimentações'!$E$2:$E1000,'Movimentações'!$C$2:$C1000,A81,'Movimentações'!$B$2:$B1000,"Saída")) -> 1 | F81: 2 | G81: =IF(A81="","",IF(E81<F81,"🔴 REPOR",IF(E81=F81,"🟡 ATENÇÃO","🟢 NORMAL"))) -> 🔴 REPOR
A82: 05-030 | B82: Anestésico Prilocaína | C82: Caixa | D82: 0 | E82: =IF(A82="","",D82+SUMIFS('Movimentações'!$E$2:$E1000,'Movimentações'!$C$2:$C1000,A82,'Movimentações'!$B$2:$B1000,"Entrada")-SUMIFS('Movimentações'!$E$2:$E1000,'Movimentações'!$C$2:$C1000,A82,'Movimentações'!$B$2:$B1000,"Saída")) -> 0 | F82: 2 | G82: =IF(A82="","",IF(E82<F82,"🔴 REPOR",IF(E82=F82,"🟡 ATENÇÃO","🟢 NORMAL"))) -> 🔴 REPOR
A83: 05-031 | B83: Anestésico Lidocaína | C83: Caixa | D83: 0 | E83: =IF(A83="","",D83+SUMIFS('Movimentações'!$E$2:$E1000,'Movimentações'!$C$2:$C1000,A83,'Movimentações'!$B$2:$B1000,"Entrada")-SUMIFS('Movimentações'!$E$2:$E1000,'Movimentações'!$C$2:$C1000,A83,'Movimentações'!$B$2:$B1000,"Saída")) -> 0 | F83: 2 | G83: =IF(A83="","",IF(E83<F83,"🔴 REPOR",IF(E83=F83,"🟡 ATENÇÃO","🟢 NORMAL"))) -> 🔴 REPOR
A84: 05-032 | B84: Anestésico Mepivacaína | C84: Caixa | D84: 0 | E84: =IF(A84="","",D84+SUMIFS('Movimentações'!$E$2:$E1000,'Movimentações'!$C$2:$C1000,A84,'Movimentações'!$B$2:$B1000,"Entrada")-SUMIFS('Movimentações'!$E$2:$E1000,'Movimentações'!$C$2:$C1000,A84,'Movimentações'!$B$2:$B1000,"Saída")) -> 0 | F84: 4 | G84: =IF(A84="","",IF(E84<F84,"🔴 REPOR",IF(E84=F84,"🟡 ATENÇÃO","🟢 NORMAL"))) -> 🔴 REPOR
A85: 05-033 | B85: Anestésico Articaína | C85: Caixa | D85: 0 | E85: =IF(A85="","",D85+SUMIFS('Movimentações'!$E$2:$E1000,'Movimentações'!$C$2:$C1000,A85,'Movimentações'!$B$2:$B1000,"Entrada")-SUMIFS('Movimentações'!$E$2:$E1000,'Movimentações'!$C$2:$C1000,A85,'Movimentações'!$B$2:$B1000,"Saída")) -> 0 | F85: 2 | G85: =IF(A85="","",IF(E85<F85,"🔴 REPOR",IF(E85=F85,"🟡 ATENÇÃO","🟢 NORMAL"))) -> 🔴 REPOR
A86: 05-034 | B86: Fita adesiva autoclavavél | C86: Unidade | D86: 0 | E86: =IF(A86="","",D86+SUMIFS('Movimentações'!$E$2:$E1000,'Movimentações'!$C$2:$C1000,A86,'Movimentações'!$B$2:$B1000,"Entrada")-SUMIFS('Movimentações'!$E$2:$E1000,'Movimentações'!$C$2:$C1000,A86,'Movimentações'!$B$2:$B1000,"Saída")) -> 0 | F86: 12 | G86: =IF(A86="","",IF(E86<F86,"🔴 REPOR",IF(E86=F86,"🟡 ATENÇÃO","🟢 NORMAL"))) -> 🔴 REPOR
A87: 05-035 | B87: Agulha longa | C87: Caixa | D87: 0 | E87: =IF(A87="","",D87+SUMIFS('Movimentações'!$E$2:$E1000,'Movimentações'!$C$2:$C1000,A87,'Movimentações'!$B$2:$B1000,"Entrada")-SUMIFS('Movimentações'!$E$2:$E1000,'Movimentações'!$C$2:$C1000,A87,'Movimentações'!$B$2:$B1000,"Saída")) -> 0 | F87: 2 | G87: =IF(A87="","",IF(E87<F87,"🔴 REPOR",IF(E87=F87,"🟡 ATENÇÃO","🟢 NORMAL"))) -> 🔴 REPOR
A88: 06-001 | B88: Cimento resinoso (prótese) Dual | C88: Unidade | D88: 1 | E88: =IF(A88="","",D88+SUMIFS('Movimentações'!$E$2:$E1000,'Movimentações'!$C$2:$C1000,A88,'Movimentações'!$B$2:$B1000,"Entrada")-SUMIFS('Movimentações'!$E$2:$E1000,'Movimentações'!$C$2:$C1000,A88,'Movimentações'!$B$2:$B1000,"Saída")) -> 1 | F88: 2 | G88: =IF(A88="","",IF(E88<F88,"🔴 REPOR",IF(E88=F88,"🟡 ATENÇÃO","🟢 NORMAL"))) -> 🔴 REPOR
A89: 06-002 | B89: Pote Dappen plástico/silicone | C89: Unidade | D89: 4 | E89: =IF(A89="","",D89+SUMIFS('Movimentações'!$E$2:$E1000,'Movimentações'!$C$2:$C1000,A89,'Movimentações'!$B$2:$B1000,"Entrada")-SUMIFS('Movimentações'!$E$2:$E1000,'Movimentações'!$C$2:$C1000,A89,'Movimentações'!$B$2:$B1000,"Saída")) -> 4 | F89: 2 | G89: =IF(A89="","",IF(E89<F89,"🔴 REPOR",IF(E89=F89,"🟡 ATENÇÃO","🟢 NORMAL"))) -> 🟢 NORMAL
A90: 06-003 | B90: Eugenol | C90: Unidade | D90: 0 | E90: =IF(A90="","",D90+SUMIFS('Movimentações'!$E$2:$E1000,'Movimentações'!$C$2:$C1000,A90,'Movimentações'!$B$2:$B1000,"Entrada")-SUMIFS('Movimentações'!$E$2:$E1000,'Movimentações'!$C$2:$C1000,A90,'Movimentações'!$B$2:$B1000,"Saída")) -> 0 | F90: 2 | G90: =IF(A90="","",IF(E90<F90,"🔴 REPOR",IF(E90=F90,"🟡 ATENÇÃO","🟢 NORMAL"))) -> 🔴 REPOR
A91: 07-001 | B91: Jacarés | C91: Unidade | D91: 2 | E91: =IF(A91="","",D91+SUMIFS('Movimentações'!$E$2:$E1000,'Movimentações'!$C$2:$C1000,A91,'Movimentações'!$B$2:$B1000,"Entrada")-SUMIFS('Movimentações'!$E$2:$E1000,'Movimentações'!$C$2:$C1000,A91,'Movimentações'!$B$2:$B1000,"Saída")) -> 2 | F91: 0 | G91: =IF(A91="","",IF(E91<F91,"🔴 REPOR",IF(E91=F91,"🟡 ATENÇÃO","🟢 NORMAL"))) -> 🟢 NORMAL
A92: 07-002 | B92: Sonda exploradora nº 5 | C92: Unidade | D92: 9 | E92: =IF(A92="","",D92+SUMIFS('Movimentações'!$E$2:$E1000,'Movimentações'!$C$2:$C1000,A92,'Movimentações'!$B$2:$B1000,"Entrada")-SUMIFS('Movimentações'!$E$2:$E1000,'Movimentações'!$C$2:$C1000,A92,'Movimentações'!$B$2:$B1000,"Saída")) -> 9 | F92: 0 | G92: =IF(A92="","",IF(E92<F92,"🔴 REPOR",IF(E92=F92,"🟡 ATENÇÃO","🟢 NORMAL"))) -> 🟢 NORMAL
A93: 07-003 | B93: Espátula p/ resina Ward | C93: Unidade | D93: 5 | E93: =IF(A93="","",D93+SUMIFS('Movimentações'!$E$2:$E1000,'Movimentações'!$C$2:$C1000,A93,'Movimentações'!$B$2:$B1000,"Entrada")-SUMIFS('Movimentações'!$E$2:$E1000,'Movimentações'!$C$2:$C1000,A93,'Movimentações'!$B$2:$B1000,"Saída")) -> 5 | F93: 0 | G93: =IF(A93="","",IF(E93<F93,"🔴 REPOR",IF(E93=F93,"🟡 ATENÇÃO","🟢 NORMAL"))) -> 🟢 NORMAL
A94: 07-004 | B94: Sonda Carolina do Norte | C94: Unidade | D94: 5 | E94: =IF(A94="","",D94+SUMIFS('Movimentações'!$E$2:$E1000,'Movimentações'!$C$2:$C1000,A94,'Movimentações'!$B$2:$B1000,"Entrada")-SUMIFS('Movimentações'!$E$2:$E1000,'Movimentações'!$C$2:$C1000,A94,'Movimentações'!$B$2:$B1000,"Saída")) -> 5 | F94: 0 | G94: =IF(A94="","",IF(E94<F94,"🔴 REPOR",IF(E94=F94,"🟡 ATENÇÃO","🟢 NORMAL"))) -> 🟢 NORMAL
A95: 07-005 | B95: Tesoura Goldmann Fox | C95: Unidade | D95: 5 | E95: =IF(A95="","",D95+SUMIFS('Movimentações'!$E$2:$E1000,'Movimentações'!$C$2:$C1000,A95,'Movimentações'!$B$2:$B1000,"Entrada")-SUMIFS('Movimentações'!$E$2:$E1000,'Movimentações'!$C$2:$C1000,A95,'Movimentações'!$B$2:$B1000,"Saída")) -> 5 | F95: 0 | G95: =IF(A95="","",IF(E95<F95,"🔴 REPOR",IF(E95=F95,"🟡 ATENÇÃO","🟢 NORMAL"))) -> 🟢 NORMAL
A96: 07-006 | B96: Cabo p/ espelho | C96: Unidade | D96: 22 | E96: =IF(A96="","",D96+SUMIFS('Movimentações'!$E$2:$E1000,'Movimentações'!$C$2:$C1000,A96,'Movimentações'!$B$2:$B1000,"Entrada")-SUMIFS('Movimentações'!$E$2:$E1000,'Movimentações'!$C$2:$C1000,A96,'Movimentações'!$B$2:$B1000,"Saída")) -> 22 | F96: 0 | G96: =IF(A96="","",IF(E96<F96,"🔴 REPOR",IF(E96=F96,"🟡 ATENÇÃO","🟢 NORMAL"))) -> 🟢 NORMAL
A97: 07-007 | B97: Espelho nº 5 | C97: Unidade | D97: 21 | E97: =IF(A97="","",D97+SUMIFS('Movimentações'!$E$2:$E1000,'Movimentações'!$C$2:$C1000,A97,'Movimentações'!$B$2:$B1000,"Entrada")-SUMIFS('Movimentações'!$E$2:$E1000,'Movimentações'!$C$2:$C1000,A97,'Movimentações'!$B$2:$B1000,"Saída")) -> 21 | F97: 0 | G97: =IF(A97="","",IF(E97<F97,"🔴 REPOR",IF(E97=F97,"🟡 ATENÇÃO","🟢 NORMAL"))) -> 🟢 NORMAL
E98: =IF(A98="","",D98+SUMIFS('Movimentações'!$E$2:$E1000,'Movimentações'!$C$2:$C1000,A98,'Movimentações'!$B$2:$B1000,"Entrada")-SUMIFS('Movimentações'!$E$2:$E1000,'Movimentações'!$C$2:$C1000,A98,'Movimentações'!$B$2:$B1000,"Saída")) | F98: =IF(A98="","",IF(E98<F98,"🔴 REPOR",IF(E98=F98,"🟡 ATENÇÃO","🟢 NORMAL"))) | G98: =IF(A98="","",IF(E98<F98,"🔴 REPOR",IF(E98=F98,"🟡 ATENÇÃO","🟢 NORMAL")))
E99: =IF(A99="","",D99+SUMIFS('Movimentações'!$E$2:$E1000,'Movimentações'!$C$2:$C1000,A99,'Movimentações'!$B$2:$B1000,"Entrada")-SUMIFS('Movimentações'!$E$2:$E1000,'Movimentações'!$C$2:$C1000,A99,'Movimentações'!$B$2:$B1000,"Saída")) | F99: =IF(A99="","",IF(E99<F99,"🔴 REPOR",IF(E99=F99,"🟡 ATENÇÃO","🟢 NORMAL"))) | G99: =IF(A99="","",IF(E99<F99,"🔴 REPOR",IF(E99=F99,"🟡 ATENÇÃO","🟢 NORMAL")))
E100: =IF(A100="","",D100+SUMIFS('Movimentações'!$E$2:$E1000,'Movimentações'!$C$2:$C1000,A100,'Movimentações'!$B$2:$B1000,"Entrada")-SUMIFS('Movimentações'!$E$2:$E1000,'Movimentações'!$C$2:$C1000,A100,'Movimentações'!$B$2:$B1000,"Saída")) | F100: =IF(A100="","",IF(E100<F100,"🔴 REPOR",IF(E100=F100,"🟡 ATENÇÃO","🟢 NORMAL"))) | G100: =IF(A100="","",IF(E100<F100,"🔴 REPOR",IF(E100=F100,"🟡 ATENÇÃO","🟢 NORMAL")))
...

Sheet Movimentações
A1: Data | B1: Tipo | C1: Código | D1: Item | E1: Quantidade | F1: Observação
A2: 46246 | B2: Saída | C2: 01-003 | D2: {=IF(C2="","",IFERROR(_xlfn.XLOOKUP(C2,Estoque!$A:$A,Estoque!$B:$B,""),""))} -> Ácido Fosfórico 37% | E2: 1
A3: 46259 | B3: Saída | C3: 05-009 | D3: {=IF(C3="","",IFERROR(_xlfn.XLOOKUP(C3,Estoque!$A:$A,Estoque!$B:$B,""),""))} -> Avental de TNT | E3: 2
A4: 46259 | B4: Saída | C4: 05-026 | D4: {=IF(C4="","",IFERROR(_xlfn.XLOOKUP(C4,Estoque!$A:$A,Estoque!$B:$B,""),""))} -> Gaze | E4: 2
A5: 46259 | B5: Saída | C5: 05-023 | D5: {=IF(C5="","",IFERROR(_xlfn.XLOOKUP(C5,Estoque!$A:$A,Estoque!$B:$B,""),""))} -> Guardanapo | E5: 2
A6: 46259 | B6: Saída | C6: 05-024 | D6: {=IF(C6="","",IFERROR(_xlfn.XLOOKUP(C6,Estoque!$A:$A,Estoque!$B:$B,""),""))} -> Água destilada | E6: 1
A7: 46259 | B7: Saída | C7: 05-017 | D7: {=IF(C7="","",IFERROR(_xlfn.XLOOKUP(C7,Estoque!$A:$A,Estoque!$B:$B,""),""))} -> Álcool 70% | E7: 1
A8: 46259 | B8: Saída | C8: 05-025 | D8: {=IF(C8="","",IFERROR(_xlfn.XLOOKUP(C8,Estoque!$A:$A,Estoque!$B:$B,""),""))} -> Babador | E8: 1
D9: {=IF(C9="","",IFERROR(_xlfn.XLOOKUP(C9,Estoque!$A:$A,Estoque!$B:$B,""),""))}
D10: {=IF(C10="","",IFERROR(_xlfn.XLOOKUP(C10,Estoque!$A:$A,Estoque!$B:$B,""),""))}
D11: {=IF(C11="","",IFERROR(_xlfn.XLOOKUP(C11,Estoque!$A:$A,Estoque!$B:$B,""),""))}
D12: {=IF(C12="","",IFERROR(_xlfn.XLOOKUP(C12,Estoque!$A:$A,Estoque!$B:$B,""),""))}
D13: {=IF(C13="","",IFERROR(_xlfn.XLOOKUP(C13,Estoque!$A:$A,Estoque!$B:$B,""),""))}
D14: {=IF(C14="","",IFERROR(_xlfn.XLOOKUP(C14,Estoque!$A:$A,Estoque!$B:$B,""),""))}
D15: {=IF(C15="","",IFERROR(_xlfn.XLOOKUP(C15,Estoque!$A:$A,Estoque!$B:$B,""),""))}
D16: {=IF(C16="","",IFERROR(_xlfn.XLOOKUP(C16,Estoque!$A:$A,Estoque!$B:$B,""),""))}
D17: {=IF(C17="","",IFERROR(_xlfn.XLOOKUP(C17,Estoque!$A:$A,Estoque!$B:$B,""),""))}
D18: {=IF(C18="","",IFERROR(_xlfn.XLOOKUP(C18,Estoque!$A:$A,Estoque!$B:$B,""),""))}
D19: {=IF(C19="","",IFERROR(_xlfn.XLOOKUP(C19,Estoque!$A:$A,Estoque!$B:$B,""),""))}
D20: {=IF(C20="","",IFERROR(_xlfn.XLOOKUP(C20,Estoque!$A:$A,Estoque!$B:$B,""),""))}
... D1001: {=IF(C1001="","",IFERROR(_xlfn.XLOOKUP(C1001,Estoque!$A:$A,Estoque!$B:$B,""),""))}

Sheet Dashboard
A1: DASHBOARD DE ESTOQUE
A3: Total de itens | C3: 🟢 Estoque normal | E3: 🟡 Em atenção | G3: 🔴 Repor
A4: =COUNTIF(Estoque!A2:A501,"<>") -> 96 | C4: =COUNTIF(Estoque!G2:G501,"🟢 NORMAL") -> 57 | E4: =COUNTIF(Estoque!G2:G501,"🟡 ATENÇÃO") -> 12 | G4: =COUNTIF(Estoque!G2:G501,"🔴 REPOR") -> 27
A7: Status | B7: Quantidade
A8: Normal | B8: =COUNTIF(Estoque!G2:G501,"🟢 NORMAL") -> 57
A9: Atenção | B9: =COUNTIF(Estoque!G2:G501,"🟡 ATENÇÃO") -> 12
A10: Repor | B10: =COUNTIF(Estoque!G2:G501,"🔴 REPOR") -> 27
A13: Mês | B13: Entradas | C13: Saídas
A14: Jan | B14: =SUMIFS('Movimentações'!$E:$E,'Movimentações'!$B:$B,"Entrada",'Movimentações'!$A:$A,">="&DATE(YEAR(TODAY()),1,1),'Movimentações'!$A:$A,"<"&EDATE(DATE(YEAR(TODAY()),1,1),1)) -> 0 | C14: =SUMIFS('Movimentações'!$E:$E,'Movimentações'!$B:$B,"Saída",'Movimentações'!$A:$A,">="&DATE(YEAR(TODAY()),1,1),'Movimentações'!$A:$A,"<"&EDATE(DATE(YEAR(TODAY()),1,1),1)) -> 0
A15: Fev | B15: =SUMIFS('Movimentações'!$E:$E,'Movimentações'!$B:$B,"Entrada",'Movimentações'!$A:$A,">="&DATE(YEAR(TODAY()),2,1),'Movimentações'!$A:$A,"<"&EDATE(DATE(YEAR(TODAY()),2,1),1)) -> 0 | C15: =SUMIFS('Movimentações'!$E:$E,'Movimentações'!$B:$B,"Saída",'Movimentações'!$A:$A,">="&DATE(YEAR(TODAY()),2,1),'Movimentações'!$A:$A,"<"&EDATE(DATE(YEAR(TODAY()),2,1),1)) -> 0
A16: Mar | B16: =SUMIFS('Movimentações'!$E:$E,'Movimentações'!$B:$B,"Entrada",'Movimentações'!$A:$A,">="&DATE(YEAR(TODAY()),3,1),'Movimentações'!$A:$A,"<"&EDATE(DATE(YEAR(TODAY()),3,1),1)) -> 0 | C16: =SUMIFS('Movimentações'!$E:$E,'Movimentações'!$B:$B,"Saída",'Movimentações'!$A:$A,">="&DATE(YEAR(TODAY()),3,1),'Movimentações'!$A:$A,"<"&EDATE(DATE(YEAR(TODAY()),3,1),1)) -> 0
A17: Abr | B17: =SUMIFS('Movimentações'!$E:$E,'Movimentações'!$B:$B,"Entrada",'Movimentações'!$A:$A,">="&DATE(YEAR(TODAY()),4,1),'Movimentações'!$A:$A,"<"&EDATE(DATE(YEAR(TODAY()),4,1),1)) -> 0 | C17: =SUMIFS('Movimentações'!$E:$E,'Movimentações'!$B:$B,"Saída",'Movimentações'!$A:$A,">="&DATE(YEAR(TODAY()),4,1),'Movimentações'!$A:$A,"<"&EDATE(DATE(YEAR(TODAY()),4,1),1)) -> 0
A18: Mai | B18: =SUMIFS('Movimentações'!$E:$E,'Movimentações'!$B:$B,"Entrada",'Movimentações'!$A:$A,">="&DATE(YEAR(TODAY()),5,1),'Movimentações'!$A:$A,"<"&EDATE(DATE(YEAR(TODAY()),5,1),1)) -> 0 | C18: =SUMIFS('Movimentações'!$E:$E,'Movimentações'!$B:$B,"Saída",'Movimentações'!$A:$A,">="&DATE(YEAR(TODAY()),5,1),'Movimentações'!$A:$A,"<"&EDATE(DATE(YEAR(TODAY()),5,1),1)) -> 0
A19: Jun | B19: =SUMIFS('Movimentações'!$E:$E,'Movimentações'!$B:$B,"Entrada",'Movimentações'!$A:$A,">="&DATE(YEAR(TODAY()),6,1),'Movimentações'!$A:$A,"<"&EDATE(DATE(YEAR(TODAY()),6,1),1)) -> 0 | C19: =SUMIFS('Movimentações'!$E:$E,'Movimentações'!$B:$B,"Saída",'Movimentações'!$A:$A,">="&DATE(YEAR(TODAY()),6,1),'Movimentações'!$A:$A,"<"&EDATE(DATE(YEAR(TODAY()),6,1),1)) -> 0
A20: Jul | B20: =SUMIFS('Movimentações'!$E:$E,'Movimentações'!$B:$B,"Entrada",'Movimentações'!$A:$A,">="&DATE(YEAR(TODAY()),7,1),'Movimentações'!$A:$A,"<"&EDATE(DATE(YEAR(TODAY()),7,1),1)) -> 0 | C20: =SUMIFS('Movimentações'!$E:$E,'Movimentações'!$B:$B,"Saída",'Movimentações'!$A:$A,">="&DATE(YEAR(TODAY()),7,1),'Movimentações'!$A:$A,"<"&EDATE(DATE(YEAR(TODAY()),7,1),1)) -> 0
A21: Ago | B21: =SUMIFS('Movimentações'!$E:$E,'Movimentações'!$B:$B,"Entrada",'Movimentações'!$A:$A,">="&DATE(YEAR(TODAY()),8,1),'Movimentações'!$A:$A,"<"&EDATE(DATE(YEAR(TODAY()),8,1),1)) -> 0 | C21: =SUMIFS('Movimentações'!$E:$E,'Movimentações'!$B:$B,"Saída",'Movimentações'!$A:$A,">="&DATE(YEAR(TODAY()),8,1),'Movimentações'!$A:$A,"<"&EDATE(DATE(YEAR(TODAY()),8,1),1)) -> 10
A22: Set | B22: =SUMIFS('Movimentações'!$E:$E,'Movimentações'!$B:$B,"Entrada",'Movimentações'!$A:$A,">="&DATE(YEAR(TODAY()),9,1),'Movimentações'!$A:$A,"<"&EDATE(DATE(YEAR(TODAY()),9,1),1)) -> 0 | C22: =SUMIFS('Movimentações'!$E:$E,'Movimentações'!$B:$B,"Saída",'Movimentações'!$A:$A,">="&DATE(YEAR(TODAY()),9,1),'Movimentações'!$A:$A,"<"&EDATE(DATE(YEAR(TODAY()),9,1),1)) -> 0
A23: Out | B23: =SUMIFS('Movimentações'!$E:$E,'Movimentações'!$B:$B,"Entrada",'Movimentações'!$A:$A,">="&DATE(YEAR(TODAY()),10,1),'Movimentações'!$A:$A,"<"&EDATE(DATE(YEAR(TODAY()),10,1),1)) -> 0 | C23: =SUMIFS('Movimentações'!$E:$E,'Movimentações'!$B:$B,"Saída",'Movimentações'!$A:$A,">="&DATE(YEAR(TODAY()),10,1),'Movimentações'!$A:$A,"<"&EDATE(DATE(YEAR(TODAY()),10,1),1)) -> 0
A24: Nov | B24: =SUMIFS('Movimentações'!$E:$E,'Movimentações'!$B:$B,"Entrada",'Movimentações'!$A:$A,">="&DATE(YEAR(TODAY()),11,1),'Movimentações'!$A:$A,"<"&EDATE(DATE(YEAR(TODAY()),11,1),1)) -> 0 | C24: =SUMIFS('Movimentações'!$E:$E,'Movimentações'!$B:$B,"Saída",'Movimentações'!$A:$A,">="&DATE(YEAR(TODAY()),11,1),'Movimentações'!$A:$A,"<"&EDATE(DATE(YEAR(TODAY()),11,1),1)) -> 0
A25: Dez | B25: =SUMIFS('Movimentações'!$E:$E,'Movimentações'!$B:$B,"Entrada",'Movimentações'!$A:$A,">="&DATE(YEAR(TODAY()),12,1),'Movimentações'!$A:$A,"<"&EDATE(DATE(YEAR(TODAY()),12,1),1)) -> 0 | C25: =SUMIFS('Movimentações'!$E:$E,'Movimentações'!$B:$B,"Saída",'Movimentações'!$A:$A,">="&DATE(YEAR(TODAY()),12,1),'Movimentações'!$A:$A,"<"&EDATE(DATE(YEAR(TODAY()),12,1),1)) -> 0
A28: Itens que precisam de reposição
A29: Código | B29: Item | C29: Quantidade | D29: Mínimo | E29: Status
A30: =IFERROR(__xludf.DUMMYFUNCTION("IFERROR(FILTER({Estoque!A2:A501,Estoque!B2:B501,Estoque!E2:E501,Estoque!F2:F501,Estoque!G2:G501},(Estoque!G2:G501=""🔴 REPOR"")+(Estoque!G2:G501=""🟡 ATENÇÃO"")),""Nenhum item para reposição"")"),"01-003") -> 01-003 | B30: =IFERROR(__xludf.DUMMYFUNCTION("""COMPUTED_VALUE"""),"Ácido Fosfórico 37%") -> Ácido Fosfórico 37% | C30: =IFERROR(__xludf.DUMMYFUNCTION("""COMPUTED_VALUE"""),0.0) -> 0 | D30: =IFERROR(__xludf.DUMMYFUNCTION("""COMPUTED_VALUE"""),8.0) -> 8 | E30: =IFERROR(__xludf.DUMMYFUNCTION("""COMPUTED_VALUE"""),"🔴 REPOR") -> 🔴 REPOR
A31: =IFERROR(__xludf.DUMMYFUNCTION("""COMPUTED_VALUE"""),"01-004") -> 01-004 | B31: =IFERROR(__xludf.DUMMYFUNCTION("""COMPUTED_VALUE"""),"Ionômero de Vidro") -> Ionômero de Vidro | C31: =IFERROR(__xludf.DUMMYFUNCTION("""COMPUTED_VALUE"""),3.0) -> 3 | D31: =IFERROR(__xludf.DUMMYFUNCTION("""COMPUTED_VALUE"""),4.0) -> 4 | E31: =IFERROR(__xludf.DUMMYFUNCTION("""COMPUTED_VALUE"""),"🔴 REPOR") -> 🔴 REPOR
A32: =IFERROR(__xludf.DUMMYFUNCTION("""COMPUTED_VALUE"""),"01-006") -> 01-006 | B32: =IFERROR(__xludf.DUMMYFUNCTION("""COMPUTED_VALUE"""),"Cimento reparador MTA (2 aplicações)") -> Cimento reparador MTA (2 aplicações) | C32: =IFERROR(__xludf.DUMMYFUNCTION("""COMPUTED_VALUE"""),2.0) -> 2 | D32: =IFERROR(__xludf.DUMMYFUNCTION("""COMPUTED_VALUE"""),2.0) -> 2 | E32: =IFERROR(__xludf.DUMMYFUNCTION("""COMPUTED_VALUE"""),"🟡 ATENÇÃO") -> 🟡 ATENÇÃO
A33: =IFERROR(__xludf.DUMMYFUNCTION("""COMPUTED_VALUE"""),"01-010") -> 01-010 | B33: =IFERROR(__xludf.DUMMYFUNCTION("""COMPUTED_VALUE"""),"Inter-A (material restaurador intermediário)") -> Inter-A (material restaurador intermediário) | C33: =IFERROR(__xludf.DUMMYFUNCTION("""COMPUTED_VALUE"""),1.0) -> 1 | D33: =IFERROR(__xludf.DUMMYFUNCTION("""COMPUTED_VALUE"""),2.0) -> 2 | E33: =IFERROR(__xludf.DUMMYFUNCTION("""COMPUTED_VALUE"""),"🔴 REPOR") -> 🔴 REPOR
A34: =IFERROR(__xludf.DUMMYFUNCTION("""COMPUTED_VALUE"""),"01-011") -> 01-011 | B34: =IFERROR(__xludf.DUMMYFUNCTION("""COMPUTED_VALUE"""),"Coroa Hable adulto") -> Coroa Hable adulto | C34: =IFERROR(__xludf.DUMMYFUNCTION("""COMPUTED_VALUE"""),1.0) -> 1 | D34: =IFERROR(__xludf.DUMMYFUNCTION("""COMPUTED_VALUE"""),1.0) -> 1 | E34: =IFERROR(__xludf.DUMMYFUNCTION("""COMPUTED_VALUE"""),"🟡 ATENÇÃO") -> 🟡 ATENÇÃO
A35: =IFERROR(__xludf.DUMMYFUNCTION("""COMPUTED_VALUE"""),"01-012") -> 01-012 | B35: =IFERROR(__xludf.DUMMYFUNCTION("""COMPUTED_VALUE"""),"Coroa Hable pediátrica") -> Coroa Hable pediátrica | C35: =IFERROR(__xludf.DUMMYFUNCTION("""COMPUTED_VALUE"""),1.0) -> 1 | D35: =IFERROR(__xludf.DUMMYFUNCTION("""COMPUTED_VALUE"""),1.0) -> 1 | E35: =IFERROR(__xludf.DUMMYFUNCTION("""COMPUTED_VALUE"""),"🟡 ATENÇÃO") -> 🟡 ATENÇÃO
A36: =IFERROR(__xludf.DUMMYFUNCTION("""COMPUTED_VALUE"""),"01-014") -> 01-014 | B36: =IFERROR(__xludf.DUMMYFUNCTION("""COMPUTED_VALUE"""),"Resina composta A2E") -> Resina composta A2E | C36: =IFERROR(__xludf.DUMMYFUNCTION("""COMPUTED_VALUE"""),2.0) -> 2 | D36: =IFERROR(__xludf.DUMMYFUNCTION("""COMPUTED_VALUE"""),2.0) -> 2 | E36: =IFERROR(__xludf.DUMMYFUNCTION("""COMPUTED_VALUE"""),"🟡 ATENÇÃO") -> 🟡 ATENÇÃO
A37: =IFERROR(__xludf.DUMMYFUNCTION("""COMPUTED_VALUE"""),"01-015") -> 01-015 | B37: =IFERROR(__xludf.DUMMYFUNCTION("""COMPUTED_VALUE"""),"Resina composta A3E") -> Resina composta A3E | C37: =IFERROR(__xludf.DUMMYFUNCTION("""COMPUTED_VALUE"""),1.0) -> 1 | D37: =IFERROR(__xludf.DUMMYFUNCTION("""COMPUTED_VALUE"""),4.0) -> 4 | E37: =IFERROR(__xludf.DUMMYFUNCTION("""COMPUTED_VALUE"""),"🔴 REPOR") -> 🔴 REPOR
A38: =IFERROR(__xludf.DUMMYFUNCTION("""COMPUTED_VALUE"""),"01-016") -> 01-016 | B38: =IFERROR(__xludf.DUMMYFUNCTION("""COMPUTED_VALUE"""),"Resina composta A1B") -> Resina composta A1B | C38: =IFERROR(__xludf.DUMMYFUNCTION("""COMPUTED_VALUE"""),1.0) -> 1 | D38: =IFERROR(__xludf.DUMMYFUNCTION("""COMPUTED_VALUE"""),1.0) -> 1 | E38: =IFERROR(__xludf.DUMMYFUNCTION("""COMPUTED_VALUE"""),"🟡 ATENÇÃO") -> 🟡 ATENÇÃO
A39: =IFERROR(__xludf.DUMMYFUNCTION("""COMPUTED_VALUE"""),"01-017") -> 01-017 | B39: =IFERROR(__xludf.DUMMYFUNCTION("""COMPUTED_VALUE"""),"Resina composta A2B") -> Resina composta A2B | C39: =IFERROR(__xludf.DUMMYFUNCTION("""COMPUTED_VALUE"""),0.0) -> 0 | D39: =IFERROR(__xludf.DUMMYFUNCTION("""COMPUTED_VALUE"""),2.0) -> 2 | E39: =IFERROR(__xludf.DUMMYFUNCTION("""COMPUTED_VALUE"""),"🔴 REPOR") -> 🔴 REPOR
A40: =IFERROR(__xludf.DUMMYFUNCTION("""COMPUTED_VALUE"""),"01-018") -> 01-018 | B40: =IFERROR(__xludf.DUMMYFUNCTION("""COMPUTED_VALUE"""),"Resina composta A3B") -> Resina composta A3B | C40: =IFERROR(__xludf.DUMMYFUNCTION("""COMPUTED_VALUE"""),0.0) -> 0 | D40: =IFERROR(__xludf.DUMMYFUNCTION("""COMPUTED_VALUE"""),4.0) -> 4 | E40: =IFERROR(__xludf.DUMMYFUNCTION("""COMPUTED_VALUE"""),"🔴 REPOR") -> 🔴 REPOR
A41: =IFERROR(__xludf.DUMMYFUNCTION("""COMPUTED_VALUE"""),"01-019") -> 01-019 | B41: =IFERROR(__xludf.DUMMYFUNCTION("""COMPUTED_VALUE"""),"Resina composta A3.5B") -> Resina composta A3.5B | C41: =IFERROR(__xludf.DUMMYFUNCTION("""COMPUTED_VALUE"""),0.0) -> 0 | D41: =IFERROR(__xludf.DUMMYFUNCTION("""COMPUTED_VALUE"""),4.0) -> 4 | E41: =IFERROR(__xludf.DUMMYFUNCTION("""COMPUTED_VALUE"""),"🔴 REPOR") -> 🔴 REPOR
A42: =IFERROR(__xludf.DUMMYFUNCTION("""COMPUTED_VALUE"""),"01-020") -> 01-020 | B42: =IFERROR(__xludf.DUMMYFUNCTION("""COMPUTED_VALUE"""),"Forrador Dentinário Liner") -> Forrador Dentinário Liner | C42: =IFERROR(__xludf.DUMMYFUNCTION("""COMPUTED_VALUE"""),0.0) -> 0 | D42: =IFERROR(__xludf.DUMMYFUNCTION("""COMPUTED_VALUE"""),2.0) -> 2 | E42: =IFERROR(__xludf.DUMMYFUNCTION("""COMPUTED_VALUE"""),"🔴 REPOR") -> 🔴 REPOR
A43: =IFERROR(__xludf.DUMMYFUNCTION("""COMPUTED_VALUE"""),"01-022") -> 01-022 | B43: =IFERROR(__xludf.DUMMYFUNCTION("""COMPUTED_VALUE"""),"Disco de lixa M com mandril") -> Disco de lixa M com mandril | C43: =IFERROR(__xludf.DUMMYFUNCTION("""COMPUTED_VALUE"""),1.0) -> 1 | D43: =IFERROR(__xludf.DUMMYFUNCTION("""COMPUTED_VALUE"""),2.0) -> 2 | E43: =IFERROR(__xludf.DUMMYFUNCTION("""COMPUTED_VALUE"""),"🔴 REPOR") -> 🔴 REPOR
A44: =IFERROR(__xludf.DUMMYFUNCTION("""COMPUTED_VALUE"""),"01-023") -> 01-023 | B44: =IFERROR(__xludf.DUMMYFUNCTION("""COMPUTED_VALUE"""),"Bloco de papel p/ espatulação") -> Bloco de papel p/ espatulação | C44: =IFERROR(__xludf.DUMMYFUNCTION("""COMPUTED_VALUE"""),3.0) -> 3 | D44: =IFERROR(__xludf.DUMMYFUNCTION("""COMPUTED_VALUE"""),4.0) -> 4 | E44: =IFERROR(__xludf.DUMMYFUNCTION("""COMPUTED_VALUE"""),"🔴 REPOR") -> 🔴 REPOR
A45: =IFERROR(__xludf.DUMMYFUNCTION("""COMPUTED_VALUE"""),"01-024") -> 01-024 | B45: =IFERROR(__xludf.DUMMYFUNCTION("""COMPUTED_VALUE"""),"Arco Young plástico") -> Arco Young plástico | C45: =IFERROR(__xludf.DUMMYFUNCTION("""COMPUTED_VALUE"""),2.0) -> 2 | D45: =IFERROR(__xludf.DUMMYFUNCTION("""COMPUTED_VALUE"""),2.0) -> 2 | E45: =IFERROR(__xludf.DUMMYFUNCTION("""COMPUTED_VALUE"""),"🟡 ATENÇÃO") -> 🟡 ATENÇÃO
A46: =IFERROR(__xludf.DUMMYFUNCTION("""COMPUTED_VALUE"""),"01-027") -> 01-027 | B46: =IFERROR(__xludf.DUMMYFUNCTION("""COMPUTED_VALUE"""),"Disco de lixa grosso s/ mandril") -> Disco de lixa grosso s/ mandril | C46: =IFERROR(__xludf.DUMMYFUNCTION("""COMPUTED_VALUE"""),4.0) -> 4 | D46: =IFERROR(__xludf.DUMMYFUNCTION("""COMPUTED_VALUE"""),4.0) -> 4 | E46: =IFERROR(__xludf.DUMMYFUNCTION("""COMPUTED_VALUE"""),"🟡 ATENÇÃO") -> 🟡 ATENÇÃO
A47: =IFERROR(__xludf.DUMMYFUNCTION("""COMPUTED_VALUE"""),"01-032") -> 01-032 | B47: =IFERROR(__xludf.DUMMYFUNCTION("""COMPUTED_VALUE"""),"Fio retrator") -> Fio retrator | C47: =IFERROR(__xludf.DUMMYFUNCTION("""COMPUTED_VALUE"""),2.0) -> 2 | D47: =IFERROR(__xludf.DUMMYFUNCTION("""COMPUTED_VALUE"""),2.0) -> 2 | E47: =IFERROR(__xludf.DUMMYFUNCTION("""COMPUTED_VALUE"""),"🟡 ATENÇÃO") -> 🟡 ATENÇÃO
A48: =IFERROR(__xludf.DUMMYFUNCTION("""COMPUTED_VALUE"""),"02-001") -> 02-001 | B48: =IFERROR(__xludf.DUMMYFUNCTION("""COMPUTED_VALUE"""),"Esponja Hemostática") -> Esponja Hemostática | C48: =IFERROR(__xludf.DUMMYFUNCTION("""COMPUTED_VALUE"""),1.0) -> 1 | D48: =IFERROR(__xludf.DUMMYFUNCTION("""COMPUTED_VALUE"""),2.0) -> 2 | E48: =IFERROR(__xludf.DUMMYFUNCTION("""COMPUTED_VALUE"""),"🔴 REPOR") -> 🔴 REPOR
A49: =IFERROR(__xludf.DUMMYFUNCTION("""COMPUTED_VALUE"""),"02-002") -> 02-002 | B49: =IFERROR(__xludf.DUMMYFUNCTION("""COMPUTED_VALUE"""),"Líquido Hemostático") -> Líquido Hemostático | C49: =IFERROR(__xludf.DUMMYFUNCTION("""COMPUTED_VALUE"""),1.0) -> 1 | D49: =IFERROR(__xludf.DUMMYFUNCTION("""COMPUTED_VALUE"""),2.0) -> 2 | E49: =IFERROR(__xludf.DUMMYFUNCTION("""COMPUTED_VALUE"""),"🔴 REPOR") -> 🔴 REPOR
A50: =IFERROR(__xludf.DUMMYFUNCTION("""COMPUTED_VALUE"""),"02-003") -> 02-003 | B50: =IFERROR(__xludf.DUMMYFUNCTION("""COMPUTED_VALUE"""),"Lâmina de bisturi") -> Lâmina de bisturi | C50: =IFERROR(__xludf.DUMMYFUNCTION("""COMPUTED_VALUE"""),2.0) -> 2 | D50: =IFERROR(__xludf.DUMMYFUNCTION("""COMPUTED_VALUE"""),2.0) -> 2 | E50: =IFERROR(__xludf.DUMMYFUNCTION("""COMPUTED_VALUE"""),"🟡 ATENÇÃO") -> 🟡 ATENÇÃO
A51: =IFERROR(__xludf.DUMMYFUNCTION("""COMPUTED_VALUE"""),"04-001") -> 04-001 | B51: =IFERROR(__xludf.DUMMYFUNCTION("""COMPUTED_VALUE"""),"NDP") -> NDP | C51: =IFERROR(__xludf.DUMMYFUNCTION("""COMPUTED_VALUE"""),1.0) -> 1 | D51: =IFERROR(__xludf.DUMMYFUNCTION("""COMPUTED_VALUE"""),2.0) -> 2 | E51: =IFERROR(__xludf.DUMMYFUNCTION("""COMPUTED_VALUE"""),"🔴 REPOR") -> 🔴 REPOR
A52: =IFERROR(__xludf.DUMMYFUNCTION("""COMPUTED_VALUE"""),"04-002") -> 04-002 | B52: =IFERROR(__xludf.DUMMYFUNCTION("""COMPUTED_VALUE"""),"PRP") -> PRP | C52: =IFERROR(__xludf.DUMMYFUNCTION("""COMPUTED_VALUE"""),0.0) -> 0 | D52: =IFERROR(__xludf.DUMMYFUNCTION("""COMPUTED_VALUE"""),2.0) -> 2 | E52: =IFERROR(__xludf.DUMMYFUNCTION("""COMPUTED_VALUE"""),"🔴 REPOR") -> 🔴 REPOR
A53: =IFERROR(__xludf.DUMMYFUNCTION("""COMPUTED_VALUE"""),"04-003") -> 04-003 | B53: =IFERROR(__xludf.DUMMYFUNCTION("""COMPUTED_VALUE"""),"Eucaliptol") -> Eucaliptol | C53: =IFERROR(__xludf.DUMMYFUNCTION("""COMPUTED_VALUE"""),1.0) -> 1 | D53: =IFERROR(__xludf.DUMMYFUNCTION("""COMPUTED_VALUE"""),1.0) -> 1 | E53: =IFERROR(__xludf.DUMMYFUNCTION("""COMPUTED_VALUE"""),"🟡 ATENÇÃO") -> 🟡 ATENÇÃO
A54: =IFERROR(__xludf.DUMMYFUNCTION("""COMPUTED_VALUE"""),"04-005") -> 04-005 | B54: =IFERROR(__xludf.DUMMYFUNCTION("""COMPUTED_VALUE"""),"Formocresol") -> Formocresol | C54: =IFERROR(__xludf.DUMMYFUNCTION("""COMPUTED_VALUE"""),0.0) -> 0 | D54: =IFERROR(__xludf.DUMMYFUNCTION("""COMPUTED_VALUE"""),2.0) -> 2 | E54: =IFERROR(__xludf.DUMMYFUNCTION("""COMPUTED_VALUE"""),"🔴 REPOR") -> 🔴 REPOR
A55: =IFERROR(__xludf.DUMMYFUNCTION("""COMPUTED_VALUE"""),"04-011") -> 04-011 | B55: =IFERROR(__xludf.DUMMYFUNCTION("""COMPUTED_VALUE"""),"Cone de papel absorvente 35") -> Cone de papel absorvente 35 | C55: =IFERROR(__xludf.DUMMYFUNCTION("""COMPUTED_VALUE"""),1.0) -> 1 | D55: =IFERROR(__xludf.DUMMYFUNCTION("""COMPUTED_VALUE"""),2.0) -> 2 | E55: =IFERROR(__xludf.DUMMYFUNCTION("""COMPUTED_VALUE"""),"🔴 REPOR") -> 🔴 REPOR
A56: =IFERROR(__xludf.DUMMYFUNCTION("""COMPUTED_VALUE"""),"05-015") -> 05-015 | B56: =IFERROR(__xludf.DUMMYFUNCTION("""COMPUTED_VALUE"""),"Papel grau cirúrgico 150 mm") -> Papel grau cirúrgico 150 mm | C56: =IFERROR(__xludf.DUMMYFUNCTION("""COMPUTED_VALUE"""),0.0) -> 0 | D56: =IFERROR(__xludf.DUMMYFUNCTION("""COMPUTED_VALUE"""),2.0) -> 2 | E56: =IFERROR(__xludf.DUMMYFUNCTION("""COMPUTED_VALUE"""),"🔴 REPOR") -> 🔴 REPOR
A57: =IFERROR(__xludf.DUMMYFUNCTION("""COMPUTED_VALUE"""),"05-016") -> 05-016 | B57: =IFERROR(__xludf.DUMMYFUNCTION("""COMPUTED_VALUE"""),"Papel grau cirúrgico 200 mm") -> Papel grau cirúrgico 200 mm | C57: =IFERROR(__xludf.DUMMYFUNCTION("""COMPUTED_VALUE"""),1.0) -> 1 | D57: =IFERROR(__xludf.DUMMYFUNCTION("""COMPUTED_VALUE"""),1.0) -> 1 | E57: =IFERROR(__xludf.DUMMYFUNCTION("""COMPUTED_VALUE"""),"🟡 ATENÇÃO") -> 🟡 ATENÇÃO
A58: =IFERROR(__xludf.DUMMYFUNCTION("""COMPUTED_VALUE"""),"05-018") -> 05-018 | B58: =IFERROR(__xludf.DUMMYFUNCTION("""COMPUTED_VALUE"""),"Revelador") -> Revelador | C58: =IFERROR(__xludf.DUMMYFUNCTION("""COMPUTED_VALUE"""),6.0) -> 6 | D58: =IFERROR(__xludf.DUMMYFUNCTION("""COMPUTED_VALUE"""),6.0) -> 6 | E58: =IFERROR(__xludf.DUMMYFUNCTION("""COMPUTED_VALUE"""),"🟡 ATENÇÃO") -> 🟡 ATENÇÃO
A59: =IFERROR(__xludf.DUMMYFUNCTION("""COMPUTED_VALUE"""),"05-022") -> 05-022 | B59: =IFERROR(__xludf.DUMMYFUNCTION("""COMPUTED_VALUE"""),"Hipoclorito de sódio 2,5%") -> Hipoclorito de sódio 2,5% | C59: =IFERROR(__xludf.DUMMYFUNCTION("""COMPUTED_VALUE"""),3.0) -> 3 | D59: =IFERROR(__xludf.DUMMYFUNCTION("""COMPUTED_VALUE"""),4.0) -> 4 | E59: =IFERROR(__xludf.DUMMYFUNCTION("""COMPUTED_VALUE"""),"🔴 REPOR") -> 🔴 REPOR
A60: =IFERROR(__xludf.DUMMYFUNCTION("""COMPUTED_VALUE"""),"05-029") -> 05-029 | B60: =IFERROR(__xludf.DUMMYFUNCTION("""COMPUTED_VALUE"""),"Clorexidina 2% (lavar mãos)") -> Clorexidina 2% (lavar mãos) | C60: =IFERROR(__xludf.DUMMYFUNCTION("""COMPUTED_VALUE"""),1.0) -> 1 | D60: =IFERROR(__xludf.DUMMYFUNCTION("""COMPUTED_VALUE"""),2.0) -> 2 | E60: =IFERROR(__xludf.DUMMYFUNCTION("""COMPUTED_VALUE"""),"🔴 REPOR") -> 🔴 REPOR
A61: =IFERROR(__xludf.DUMMYFUNCTION("""COMPUTED_VALUE"""),"05-030") -> 05-030 | B61: =IFERROR(__xludf.DUMMYFUNCTION("""COMPUTED_VALUE"""),"Anestésico Prilocaína") -> Anestésico Prilocaína | C61: =IFERROR(__xludf.DUMMYFUNCTION("""COMPUTED_VALUE"""),0.0) -> 0 | D61: =IFERROR(__xludf.DUMMYFUNCTION("""COMPUTED_VALUE"""),2.0) -> 2 | E61: =IFERROR(__xludf.DUMMYFUNCTION("""COMPUTED_VALUE"""),"🔴 REPOR") -> 🔴 REPOR
A62: =IFERROR(__xludf.DUMMYFUNCTION("""COMPUTED_VALUE"""),"05-031") -> 05-031 | B62: =IFERROR(__xludf.DUMMYFUNCTION("""COMPUTED_VALUE"""),"Anestésico Lidocaína") -> Anestésico Lidocaína | C62: =IFERROR(__xludf.DUMMYFUNCTION("""COMPUTED_VALUE"""),0.0) -> 0 | D62: =IFERROR(__xludf.DUMMYFUNCTION("""COMPUTED_VALUE"""),2.0) -> 2 | E62: =IFERROR(__xludf.DUMMYFUNCTION("""COMPUTED_VALUE"""),"🔴 REPOR") -> 🔴 REPOR
A63: =IFERROR(__xludf.DUMMYFUNCTION("""COMPUTED_VALUE"""),"05-032") -> 05-032 | B63: =IFERROR(__xludf.DUMMYFUNCTION("""COMPUTED_VALUE"""),"Anestésico Mepivacaína") -> Anestésico Mepivacaína | C63: =IFERROR(__xludf.DUMMYFUNCTION("""COMPUTED_VALUE"""),0.0) -> 0 | D63: =IFERROR(__xludf.DUMMYFUNCTION("""COMPUTED_VALUE"""),4.0) -> 4 | E63: =IFERROR(__xludf.DUMMYFUNCTION("""COMPUTED_VALUE"""),"🔴 REPOR") -> 🔴 REPOR
A64: =IFERROR(__xludf.DUMMYFUNCTION("""COMPUTED_VALUE"""),"05-033") -> 05-033 | B64: =IFERROR(__xludf.DUMMYFUNCTION("""COMPUTED_VALUE"""),"Anestésico Articaína") -> Anestésico Articaína | C64: =IFERROR(__xludf.DUMMYFUNCTION("""COMPUTED_VALUE"""),0.0) -> 0 | D64: =IFERROR(__xludf.DUMMYFUNCTION("""COMPUTED_VALUE"""),2.0) -> 2 | E64: =IFERROR(__xludf.DUMMYFUNCTION("""COMPUTED_VALUE"""),"🔴 REPOR") -> 🔴 REPOR
A65: =IFERROR(__xludf.DUMMYFUNCTION("""COMPUTED_VALUE"""),"05-034") -> 05-034 | B65: =IFERROR(__xludf.DUMMYFUNCTION("""COMPUTED_VALUE"""),"Fita adesiva autoclavavél") -> Fita adesiva autoclavavél | C65: =IFERROR(__xludf.DUMMYFUNCTION("""COMPUTED_VALUE"""),0.0) -> 0 | D65: =IFERROR(__xludf.DUMMYFUNCTION("""COMPUTED_VALUE"""),12.0) -> 12 | E65: =IFERROR(__xludf.DUMMYFUNCTION("""COMPUTED_VALUE"""),"🔴 REPOR") -> 🔴 REPOR
A66: =IFERROR(__xludf.DUMMYFUNCTION("""COMPUTED_VALUE"""),"05-035") -> 05-035 | B66: =IFERROR(__xludf.DUMMYFUNCTION("""COMPUTED_VALUE"""),"Agulha longa") -> Agulha longa | C66: =IFERROR(__xludf.DUMMYFUNCTION("""COMPUTED_VALUE"""),0.0) -> 0 | D66: =IFERROR(__xludf.DUMMYFUNCTION("""COMPUTED_VALUE"""),2.0) -> 2 | E66: =IFERROR(__xludf.DUMMYFUNCTION("""COMPUTED_VALUE"""),"🔴 REPOR") -> 🔴 REPOR
A67: =IFERROR(__xludf.DUMMYFUNCTION("""COMPUTED_VALUE"""),"06-001") -> 06-001 | B67: =IFERROR(__xludf.DUMMYFUNCTION("""COMPUTED_VALUE"""),"Cimento resinoso (prótese) Dual") -> Cimento resinoso (prótese) Dual | C67: =IFERROR(__xludf.DUMMYFUNCTION("""COMPUTED_VALUE"""),1.0) -> 1 | D67: =IFERROR(__xludf.DUMMYFUNCTION("""COMPUTED_VALUE"""),2.0) -> 2 | E67: =IFERROR(__xludf.DUMMYFUNCTION("""COMPUTED_VALUE"""),"🔴 REPOR") -> 🔴 REPOR
A68: =IFERROR(__xludf.DUMMYFUNCTION("""COMPUTED_VALUE"""),"06-003") -> 06-003 | B68: =IFERROR(__xludf.DUMMYFUNCTION("""COMPUTED_VALUE"""),"Eugenol") -> Eugenol | C68: =IFERROR(__xludf.DUMMYFUNCTION("""COMPUTED_VALUE"""),0.0) -> 0 | D68: =IFERROR(__xludf.DUMMYFUNCTION("""COMPUTED_VALUE"""),2.0) -> 2 | E68: =IFERROR(__xludf.DUMMYFUNCTION("""COMPUTED_VALUE"""),"🔴 REPOR") -> 🔴 REPOR

Sheet Listas
A1: Tipo de movimentação | B1: Unidade | C1: Códigos
A2: Entrada | B2: Unidade | C2: 1- Dentistica
A3: Saída | B3: Caixa | C3: 2- Cirurgia
B4: Pacote | C4: 3- Perio
B5: Litro | C5: 4- Endo
B6: Quilograma | C6: 5- Consumiveis
B7: Metro | C7: 6- Prótese
B8: Frasco | C8: 7- Instrumental
B9: Par
B10: Rolo
B11: Outro
